user_id,prod_id,rating
A20L63B48RPSOH,B005G0CUP2,4.0
A3094EPI56GKZ6,B005MJU1DA,5.0
ANEDXRFDZDL18,B001QXDN5O,3.0
A24J2Y1O22JYZX,B000N99BBC,5.0
AWJWCKB92RJX2,B0007OWNCC,4.0
A2R6RA8FRBS608,B000IF51UQ,3.0
A16J281SJ9QXIQ,B007I5JT4S,5.0
A1HBI9BBQIG1NH,B006K550J0,3.0
A2ZDY0V4Q1SZD7,B003ELYQGG,4.0
AGVWTYW0ULXHT,B005IA843W,5.0
A1G650TTTHEAL5,B00AQUMZRA,5.0
A1QNYLBG73QRNF,B00JP12170,4.0
A1BBYSMT9YCODI,B008O2HVIK,4.0
A2WDCAMKCCP1UR,B00DR0PDNE,5.0
A1TQZUSOU22E9M,B006OZEIKS,4.0
A18YMFFJW974QS,B000M00M2E,5.0
A3QUDXLOJTKEP9,B00B7E1D7W,5.0
A3VBZDYGHF4NK8,B004DMNT2W,4.0
A3N4VTNFPMTHEF,B002JCSCYS,3.0
A506HOOCVL8GW,B003YNRWQA,5.0
A149RNR5RH19YY,B003FMVPFY,3.0
A3DGJMO6VPG6FJ,B000P8X65S,5.0
A2ARDVMUGDFED6,B0007U0GZM,4.0
A3EXWV8FNSSFL6,B002FU5QLQ,3.0
A1MNN0ZMHYPJDU,B00E0EY7Z6,5.0
A12EVK82QUTSA6,B002WE6D44,5.0
AZAC8O310IK4E,B0002FHENE,4.0
A2JP9E1H0SF392,B006U3O566,5.0
A1ODOGXEYECQQ8,B005DEW4BQ,2.0
A226VGZWOEBPGL,B008X9Z3UC,3.0
A1J87SYB3JPQWH,B003ZX871I,5.0
A11KQADBYE0UZL,B00E055H5O,5.0
AM9APPMIE1BHZ,B00CD1FB26,5.0
A2KOV8XWZOZ0FQ,B00BIFNTMC,5.0
A1KI7YHQEOS1RB,B0044YU60M,5.0
A1U5IJHJK84S54,B0045TYDNC,5.0
A10NMELR4KX0J6,B0034XRDUA,3.0
A1MCH5RXDOH87H,B00EUFP39E,1.0
A3T7V207KRDE2O,B000CCUG64,5.0
A1RPJHUVVSI98A,B004TJ6JH6,4.0
A2D1LPEUCTNT8X,B00CBCUS1G,5.0
ABIVKBMSIPEDY,B000P6J67C,3.0
A3CJ7MHAS9IMAM,B00CIRLJPI,5.0
A1O229NVVDJUX2,B00109Y2DQ,2.0
A2L0F2T1DLTNT8,B0027VT6V4,3.0
A15J71JLC29KPW,B002VPDM2A,3.0
AZAC8O310IK4E,B000VZCEUI,4.0
A17V9XL4CWTQ6G,B00BE68UZ6,3.0
ASFW4ZMNZJKDA,B004J4VYEY,4.0
AC6Z7DP1Z5GHD,B000L9OIQ2,5.0
A2NB2E5DXE319Z,B006TF37H8,4.0
A2LW5AL0KQ9P1M,B00FJWKYYG,5.0
A3PCEB9ND82AGE,B00BW6KCTU,5.0
A3F9CMU8KNAY1M,B003ZSHKJ8,4.0
A1CSRR7FCKBL9M,B004HC5IPE,5.0
AYMD77ITD15PT,B0002A9RFM,5.0
A14NA0W8ESGDSI,B00IQ0SE22,5.0
AG2YXYIQ8TLTA,B0077SAYY0,5.0
A1FMU4CJLIDHR9,B001IF252M,1.0
A1P0JSFW184ZXJ,B009AR2MF0,5.0
A1UQBFCERIP7VJ,B00EUUDUKI,5.0
A3G007LQX6KGOD,B005O88CUS,5.0
A3NEAETOSXDBOM,B000RZQZM0,5.0
AE88D7OM7YU99,B00DR8LA60,5.0
ARXU3FESTWMJJ,B000UD3NTC,5.0
A680RUE1FDO8B,B007WTAJTO,5.0
A33ZYFE8XMKKR1,B0055YB5IC,3.0
A21I62TCDL4754,B003LSTD38,4.0
A1V4A5U5O3TMMD,B006JINHYS,5.0
A2MOD50IHEDH3G,B001SJLLTQ,5.0
A1PL7QILVQV3IF,B001CHHVCU,3.0
A1F7YU6O5RU432,B005KQ2O26,5.0
A1ODOGXEYECQQ8,B000LRMS66,5.0
A3TAS1AG6FMBQW,B003ES5ZUU,5.0
A3RGHO0Q938FRS,B00D6JBZBK,5.0
A1U11IP6K6NHAK,B00DTZYHX4,5.0
A1OO9N1MRNQ7K0,B003XIJ566,5.0
AXU8RH1DEV21H,B0000B006W,5.0
A2YRX8J4WM5BRX,B001TZUS98,5.0
A37CEYB95LK6R6,B003TLSXMO,5.0
A3AYSYSLHU26U9,B0041OMWNY,4.0
A27ADCSD15F3GL,B007YXA5TC,4.0
A24QFMD1RXLJMB,B003Y60DZO,4.0
AB094YABX21WQ,B002WI8GG8,4.0
A3A4ZAIBQWKOZS,B00HSYS3C8,5.0
A1VEELTKS8NLZB,B0057OCDQS,4.0
AAQ9NJ480N9W5,B00007GQLU,4.0
AGXV8E7XK9J6H,B0002YE686,3.0
A11KZ906QD08C5,B0002XQDSS,5.0
A2FRKEXDXDN1KI,B001NEK0PC,3.0
AWHL379EE14K7,B0056TYRMW,5.0
A2RU4U1JZ3DMP5,B00017LSPI,4.0
ANXEW7IDYDJEH,B00BDS3N1G,5.0
A2NOW4U7W3F7RI,B002V8C3W2,5.0
A2IIAQ7VVAHXTD,B004YDUZ22,5.0
A2HRHF83I3NDGT,B005DKZTMG,5.0
A1IBKN1GXYJ3K4,B00CALM12W,5.0
A2LXX47A0KMJVX,B001V9LQAW,3.0
A3CLWR1UUZT6TG,B0097BEFYA,3.0
A3284KYDZ00BZA,B004N62I0C,3.0
A3PGVJF37JSHFO,B004G6002M,3.0
A28N2AWOVO2PB,B0054YF0C0,2.0
A3G7BEJJCPD6DS,B004H8FNCQ,4.0
A3QU3O79AGNWCY,B000E5CYW8,5.0
AM3XNQU9TZBD8,B008C1JC4O,5.0
A3JLOIXFM75QNV,B000U9WVW6,4.0
A26SO3TOT2TLJE,B005EOWBKE,5.0
AONUCJBC85BL,B00BLZDKX2,5.0
A3A4ZAIBQWKOZS,B0015DYMVO,4.0
AWPODHOB4GFWL,B003ZSHKIY,5.0
A1YVO5V1SO18DZ,B00B4OCWE8,5.0
A27AF4DLLOBQDQ,B006TT91TW,5.0
A7UPJYPAH73NC,B00FJRS5BA,5.0
A1901NTE8LFJF6,B005GTO07O,3.0
A3EXWV8FNSSFL6,B00DVEJA7G,5.0
A2S26YGSVXBCFL,B00F3F0EIU,5.0
A2XIOXRRYX0KZY,B007ULT422,4.0
A1MBXP3NZM2BUO,B00829THK0,5.0
A3G7BEJJCPD6DS,B009M27MB2,5.0
A3L9E0YI7C5G0W,B00BGA9WK2,5.0
A203OCQQ12MAVT,B003UI62AG,5.0
A314KKDIJWCNMV,B0019EHU8G,5.0
A1EH2S92FHWZRP,B00FRMAOIO,5.0
A2AC6GQ24S45GA,B005MR598O,4.0
A1HFT68GJ42LTM,B005BOMTT0,5.0
A2LXX47A0KMJVX,B0017U87TS,4.0
A2XIOXRRYX0KZY,B00E9646MY,4.0
AGXMC3ITWZASE,B002JM1XWQ,4.0
A3VZH0PWLQ9BB1,B0097FZRYI,4.0
A1YEPFLLH42OU1,B0037D51FQ,5.0
A26LD9FQHTM8ZH,B006K551TO,2.0
A1P0JSFW184ZXJ,B003LRVNUU,4.0
A1NGFGBX2VCQS8,B004Z788JO,2.0
A14X244VGHWPSX,B00CBQP718,5.0
A2UWPPU5GZLMQZ,B001UAB4TU,4.0
A2NB2E5DXE319Z,B000CKVOOY,4.0
A1VYFEJM12ZP11,B0000BVYTV,5.0
A1TR1R2QKWRSRA,B0093HAWZY,4.0
ADLVFFE4VBT8,B004CLYJ1Y,3.0
A3INN916E4VION,B0036QL1JY,5.0
A1URXSRV6WDHVY,B004BLK24S,5.0
A10NMELR4KX0J6,B008TLQ5RY,5.0
A1T9MILRRZ00F8,B00CHHDWDG,4.0
A3CP3J7OEGQMD5,B002QEBMAK,5.0
A3775OP5VTX5ON,B00006B81E,5.0
A2UOHALGF2X77Q,B009B0MY6S,5.0
A84FLVDK2R5JF,B001R23JMQ,4.0
AWPODHOB4GFWL,B004KPLNO8,5.0
A2HDTOF8222KN3,B00004T8R2,5.0
A3A4ZAIBQWKOZS,B00DW374W4,5.0
A3ER6ARJ23CIN8,B0026SKZO0,2.0
A3OYO7B6SS7QLH,B0056TYRMW,5.0
AEL6CQNQXONBX,B004IZN3WU,5.0
A8CKH8XB33XGN,B002PX9BX2,5.0
A34LQ791ACZ0JC,B003S6ID20,5.0
A2CIQEY05SPHTZ,B001DQKHX0,5.0
A5JLAU2ARJ0BO,B004J4VYEY,1.0
A1F1A0QQP2XVH5,B0052B9QOI,4.0
A1ODOGXEYECQQ8,B009T0NLYO,3.0
A3R33KMESG0XGQ,B00BE68UZ6,4.0
A3V8P0O224OBDB,B00884WH74,5.0
APBDZ88BBTN4F,B00BWHILCY,4.0
A2XHOLOLKGV1FE,B0097BEFYA,5.0
A250AXLRBVYKB4,B0007Y836W,4.0
ABVYGB2TKBO8F,B002VR6A9K,4.0
AGXMC3ITWZASE,B002GP7ZT6,4.0
A22CW0ZHY3NJH8,B00H7PBWK8,5.0
A2VC48WIMY6L6E,B000F7QRTG,5.0
A2TRXEZYU9GYY8,B003ZM7YTA,5.0
A33CNFK776MTWR,B00AJG3NK4,3.0
A11I1I9QLMAM1A,B005KFONIU,5.0
AHS6PX6H22WW1,B002R5AM7C,4.0
A3RGHO0Q938FRS,B001CHHVCU,4.0
A2TA40MV2H4O6F,B0012Y6HC8,5.0
ARBKYIVNYWK3C,B009XNBFJK,4.0
A1MZL91Z44RN06,B00766BF1E,4.0
A1F1A0QQP2XVH5,B0037258ZK,5.0
A2QNS95WGN35G9,B003FSTAVY,5.0
A3VZH0PWLQ9BB1,B00ATM1MGA,5.0
A3V2EZ6MA32FF6,B007K3SB6K,5.0
AC1YLEFC9AN5X,B009EIUH6G,3.0
AVFJ327UXPXLF,B00HF3X5RU,3.0
A3OXHLG6DIBRW8,B001T9NUJE,4.0
A3CFU12GS5CZCN,B0062EUE54,5.0
A2BMZRO0H7TFCS,B001OC6DCW,5.0
AX7317G153T8W,B00HGLOQ24,5.0
A3Q6ZPW60CVF2L,B0065DUJ0C,4.0
A141OPVE376YFI,B002ZAVVHY,5.0
A3NEAETOSXDBOM,B003XFWSU4,2.0
A3O5ASFUXC32UA,B0000BZLBA,5.0
A31N0XY2UTB25C,B00168BSEW,5.0
A1CN1P7147QDJC,B009F1CWZ6,5.0
A1KKE6VX8VPWZK,B0002MQGOK,5.0
AT2J7H5TRZM8Z,B00005LB8P,4.0
A2NOIWPJDD7WIQ,B004T9RR6I,3.0
A225G2TFM76GYX,B00ESLEAFI,4.0
A2ZRG5NOFZ47RK,B002L60TTI,5.0
A3DQWFWINN3V5A,B00426C57O,5.0
A5KMMY627T3W,B00HNJWWGG,5.0
AZCE11PSTCH1L,B00139XOCI,5.0
A25TQLMIAPI1T6,B008KVUAGU,5.0
A3A4ZAIBQWKOZS,B003ES5ZSW,5.0
AC1YLEFC9AN5X,B005YR0X4W,3.0
AGILRZOT49R0V,B002S53LJ2,5.0
A3HR0ZZOFKQ97N,B00AO1L1RG,4.0
A7Z2J9V37ABCO,B004GF8TIK,3.0
A3SVYWA9O1KUQV,B0007Y79B2,4.0
A2X695AM08AIN1,B0075SUK14,4.0
A3JUHP1E3WUHEA,B0035WTVWI,4.0
A1EQ5D5JRSW23K,B006WVR9GY,3.0
AUITG1DJ3QUGK,B0065VKQ34,5.0
A1L1N3J6XNABO2,B000Q8UAWY,5.0
A2W9I628I6SE1U,B0014KOB6Y,4.0
A1VYFEJM12ZP11,B003YKG2YQ,5.0
A2LW5AL0KQ9P1M,B009O7Y8ZI,3.0
A2AFTRU43PY9P5,B005CLPP84,5.0
A2W2ODLRQ2L8LE,B003VAHYTG,5.0
A2QI2NTDTMK2FV,B001RNNXQM,4.0
A3IJ4Z18FTIIP,B00AXX0I88,3.0
A1M7HP5CHDXXOU,B004N6ZC8W,5.0
A3CKI6VEH0HBMJ,B007FPIQ3Q,4.0
A1NGFGBX2VCQS8,B006BGZJJ4,5.0
A2FZQF0MH29VYN,B003P92D9Y,4.0
A35OIWPVTGW3UC,B0041OSQB6,5.0
A1DTCJV6KOMJOA,B007KTQU5I,3.0
A2ZGDHLJ85T6AD,B005O88CY4,5.0
AX7317G153T8W,B004CLYEA0,5.0
AN81JUYW2SL24,B00004VUGJ,4.0
A1VLE2SH9J8WYS,B003ES5ZUU,5.0
A1VFX417XDNWIU,B00EXPNFQO,4.0
AGJRUK27RBVYS,B00FG38L16,3.0
A2QDOJFFLFGF18,B001TH7GVE,5.0
AY6A8KPYCE6B0,B00DQZO3JK,4.0
A225G2TFM76GYX,B001TH7GVE,5.0
A257X1MQJO82P2,B009NHAEXE,5.0
AO2EURP2Y4JZM,B00K91DB7Y,5.0
AQR4HPVSOPS08,B003L1ZYZ6,5.0
A26EQ8U96JA92T,B005MR6CLM,5.0
A3GQY0TFRG0MPZ,B001E0JH5E,5.0
A105S56ODHGJEK,B002OEBILK,5.0
A4D5B7Q8A7PA6,B000XQDTRW,5.0
A1E1LEVQ9VQNK,B002XVUTPK,5.0
A6VXZ1EEPRTLV,B003TXRTNG,4.0
A3A15L96IYUO6V,B008FQKKB0,3.0
AEWYUPCNDV7HY,B0000C3GWU,5.0
AZ515FFZ7I2P7,B001T9NX9Q,4.0
A1ODOGXEYECQQ8,B00DDK1QUC,4.0
A3PU3EDJ2FG1AW,B003VANO7C,5.0
AWPODHOB4GFWL,B00BA8596G,4.0
A27H0T39U3FZB5,B00475K64E,4.0
A35HUT8MQMT21L,B00004T8R2,4.0
A2XRMQA6PJ5ZJ8,B005DOK8NW,2.0
A1F7YU6O5RU432,B00BQ8R76K,5.0
A3AZI828WJN1CD,B00AQDG96K,4.0
A2LW5AL0KQ9P1M,B00HPM1FZ0,3.0
A1GYEGLX3P2Y7P,B00JNAA54O,5.0
AA95DWUI3ODU,B001FA1O1S,3.0
AFFVUZEGP1FDQ,B004OBUFYW,1.0
A1NMM0RDRF6R84,B000HZ9CCA,3.0
A23GFTVIETX7DS,B00FMTIUD8,4.0
A8CKH8XB33XGN,B002Q0W80C,4.0
AONUCJBC85BL,B006ZS5AQA,4.0
A3A4ZAIBQWKOZS,B0044UHMOO,2.0
A2HXE29CU1I24Y,B0020HR7DE,3.0
A2NB2E5DXE319Z,B000ONZTMW,4.0
AIJQU979J6UFY,B006A93M7I,5.0
A34BZM6S9L7QI4,B005FT3ANA,4.0
A1H6SBO7R007I8,B008PWUWLC,3.0
A39137LW12KK7B,B002VPE1Q6,5.0
A3LWC833HQIG7J,B0082D563I,3.0
A2KOV8XWZOZ0FQ,B00BCA41PW,5.0
AHNHLGKIZ2N3B,B00J0XR10A,3.0
APOGXH3A74CM3,B006BGZJJ4,5.0
A1A5KUIIIHFF4U,B0058BG0UK,1.0
AQIJ3ZEEVCIKU,B000N99BBC,5.0
A1ZU55TM45Y2R8,B007KEZMX4,4.0
A2ARDVMUGDFED6,B007WTAJTO,4.0
AONUCJBC85BL,B002BDU95A,4.0
A28I5UM0FT3I6T,B007JPVT8G,5.0
A3NOBH42C7UI5M,B002DEM9HI,4.0
A1JBEKU5TYIWE7,B001SLFN7U,5.0
AAA0TUKS5VBSA,B00G4E2IRE,5.0
ANW6EGY12V5XS,B002PAX9QU,5.0
ARX7Z3NI6O0F7,B0000X0VCY,5.0
A2NVQZ4Y7Y0J1R,B002UAUZQW,4.0
A1F7YU6O5RU432,B005I6EU48,5.0
A1RPTVW5VEOSI,B002M3SOBU,5.0
ASFW4ZMNZJKDA,B005CLPP84,5.0
AB094YABX21WQ,B0000A0VET,5.0
A14MZJTZAQS6CV,B005IMFX2K,5.0
AO09RWV40IX78,B00HPM1G8Q,5.0
AGVWTYW0ULXHT,B000JMJWV2,4.0
A1U5IJHJK84S54,B00426C56U,1.0
A3LWC833HQIG7J,B004Z57YJQ,5.0
A20OBCQWBKCGZT,B0079TOEQQ,5.0
A2NQMVTQ4PVLL,B000I23TTE,5.0
A2AF0NOCM71J0B,B000026D8E,5.0
A6VPK7X53QNAQ,B005LIDMYM,4.0
A18FLOC8YQY0P8,B0042F3K9W,4.0
A11EXFO14WEJM1,B000EPLP3C,4.0
A3CG93783LP0FO,B00JC5Y6WM,4.0
A1ZU55TM45Y2R8,B005HMKKH4,5.0
AMVXR3NPL0GWX,B002V88HFE,4.0
A9ELHLPXF7JKD,B002SZEOLG,5.0
A2D0CO1OA6DSWY,B00DVFLJDS,5.0
AM3XNQU9TZBD8,B00CAN88VI,5.0
AH3LF9RAD1O2V,B00354MVP0,5.0
A319Y83RT0MRVR,B00E5UHRIO,5.0
A2F2F7N94SR1KQ,B0041Q38NU,5.0
A1DO9LRCO23EOM,B001TOD7N8,5.0
ABSYIF0ONC2AF,B002V88HFE,1.0
A3J3ZHGDUDPCFL,B0026HMKFI,5.0
A6VPK7X53QNAQ,B00HNJWVO4,4.0
AB094YABX21WQ,B001TH7GUU,5.0
A1BXVZSQOJE6UE,B00IODWU6W,3.0
A2V0I904FH7ABY,B001GX6MJ8,4.0
A2ZY3S7SD3QO8Z,B00CRGJJHU,4.0
A1I96OYAUJ3HQE,B001UE6N6A,5.0
A1PS4OYWUB0VX,B008RJZQSW,5.0
A33YZNZIRA3H97,B001EAQTRI,5.0
A2BYV7S1QP2YIG,B00JWV1LP6,5.0
A33HIV8RXRDM88,B00A8FCX8E,5.0
AXR3CV6A4FMBG,B00IORDBPC,4.0
AYB4ELCS5AM8P,B000L47AHG,5.0
A1K4G5YJDJQI6Q,B0009GZSSO,1.0
ATS2855497V0I,B002P3KO8I,4.0
A2PB325LKXYDOL,B0000AZK4G,5.0
AYOTEJ617O60K,B0019EHU8G,5.0
A1TDR7Y90SVCHL,B0028N6YH0,5.0
A2HRHF83I3NDGT,B00834SJNA,5.0
A1IDAKX7OM3QIE,B005BZNE2U,3.0
A1PPS91NLI7KEH,B00DEN9WOK,4.0
A1MZL91Z44RN06,B001E1Y5O6,5.0
AIJQU979J6UFY,B004WIUDGM,4.0
A1EH2S92FHWZRP,B005FVNHBI,5.0
A2R1HUYHXV7H18,B000N99BBC,4.0
A26KXNN6H1IL0I,B002MAPRYU,5.0
A3BVN2QBNPBHCR,B00CO1HUGU,5.0
A3FEGTOLCWXSV4,B00JOI6FZ8,4.0
A2WLNSZ9U0T1S3,B001LK8P14,4.0
A1E1LEVQ9VQNK,B0092HP3EA,5.0
A2ZGDHLJ85T6AD,B004T9RR6I,4.0
A3N4VTNFPMTHEF,B00426C55G,4.0
A3EZFFPVS34AMO,B00009KH63,5.0
A1MZL91Z44RN06,B001EPVOQY,5.0
A3IOQ7NVVLAUEE,B000EY5F5C,5.0
A1E1LEVQ9VQNK,B00BWL33H8,4.0
A30X750M8V1XXW,B002MCZ2L6,3.0
A1D9V11QUHXENQ,B008O2HWTI,5.0
A1GBU479WXR7UG,B001D60LG8,5.0
A25UZ7MA72SMKM,B009NHWVIA,5.0
A33HIV8RXRDM88,B001NEK0P2,4.0
A1BJOHHLG0D965,B004I5BUSO,4.0
A20G074MWH9U7O,B001DQKHX0,3.0
A2RW587355CMVA,B003CFATT2,5.0
A3V5F050GVZ56Q,B00CBCUS1G,4.0
ARX0KOX5Q01BJ,B000Z9R2QQ,2.0
A30J7WQV0ZNRXG,B001TZWNF0,5.0
A3F9CMU8KNAY1M,B001VFUN82,5.0
AQB4DH57MSZSC,B00ARB5FLQ,4.0
A37D1ZP8GBHE38,B003M0NURK,5.0
A18FLOC8YQY0P8,B00BP5KOPA,5.0
A3IRA0BHI9NE9U,B000BQ7GW8,5.0
A1WJ3P43SZUNDM,B000067RT6,5.0
A1S27P7KJO9I96,B00EMB4LU8,3.0
A2NYK9KWFMJV4Y,B00FDLHNHO,5.0
A1P0JSFW184ZXJ,B004CLY5B8,5.0
A2J3VCGBNDLAKF,B007BJHETS,5.0
A4D5B7Q8A7PA6,B0045371FU,3.0
AEJAGHLC675A7,B003ZKG10K,5.0
A1JZFGZEZVWQPY,B009HQCARY,4.0
A1SC5OXLQNGPLN,B0054JJ0QW,3.0
A34UVV757IKPVB,B0042X93AY,3.0
A16J281SJ9QXIQ,B000O8I474,5.0
A3R1WFO4KIUQXZ,B0051FWA7U,2.0
A2I18AO597DSDI,B004UL34EY,3.0
A1PL7QILVQV3IF,B0015C30J0,4.0
A2VIYTWXANL343,B00793MIJC,5.0
A30X750M8V1XXW,B002RCNX8K,3.0
A2JOPUWVV0XQJ3,B00212NO6W,4.0
A1QVFHPY8418HC,B000V1MLBE,5.0
A2W2ODLRQ2L8LE,B0007N55NM,3.0
A2UEB48LAWFUCW,B00HNJWWL6,4.0
A3EXWV8FNSSFL6,B000VRBLMS,5.0
A12DQZKRKTNF5E,B0014J07R2,5.0
A100WO06OQR8BQ,B002R5AM7C,5.0
AQR4HPVSOPS08,B000068O34,5.0
A3U6J0DLLDEWM2,B0093GIME8,5.0
A2WC9NFLG57W4H,B00EXPNFQO,5.0
AT28RL25Q2OLK,B004C13VWC,4.0
A3A4ZAIBQWKOZS,B00CS4X8QE,5.0
A20DZX38KRBIT8,B002TLTGM6,1.0
A1GYEGLX3P2Y7P,B00CXADBRY,2.0
A2KIJBT9HRIOM8,B003XM1WE0,5.0
A24RCBRDXRXR0Y,B00634PLTW,5.0
AZBXKUH4AIW3X,B000VX6XL6,5.0
A1IG1I6MR3HAWA,B000V07N9U,5.0
A178M2AHNWQZB0,B004JOQSEA,5.0
A18HE80910BTZI,B005FYNSPK,5.0
ALQ4USPEQ9L5N,B00DQZSEWM,4.0
AGXMC3ITWZASE,B002FB7IX4,4.0
A1WG97A0EFHYXN,B000RK89M4,5.0
A9Y5O2R4D6EH5,B00K91DB7Y,4.0
A34BZM6S9L7QI4,B0097CZHAU,4.0
ALQ4USPEQ9L5N,B003H3NH5W,5.0
A2XXBZPQT5EXHV,B00834SJNA,5.0
A11LNPG39A2ZV4,B000LRMS66,5.0
A1ODOGXEYECQQ8,B0011NVMO8,4.0
A1W415JP5WEAJK,B005INACOS,4.0
A3QJU4FEN8PQSZ,B000YA4PPW,1.0
A7EU2BWLLCJY2,B004WK3U9W,5.0
A1Q5P5ML3176C0,B003B3P2BK,5.0
A35SNSDRNE9P8Q,B00B588HY2,4.0
AGVWTYW0ULXHT,B00ATZ9I9U,4.0
A2WB7LZ595CR50,B0021MGPYA,2.0
A3U41ZL33SS92P,B00B5Q79D4,5.0
A2I2KPNJDQ9SL0,B002JM5JSU,2.0
AR3EVUQF0AC7R,B00829TIA4,4.0
AOJA1LC8PN7K1,B000EPJL1A,5.0
A30ADSBTWCORYC,B009SGB3KI,5.0
ACJT8MUC0LRF0,B0064RY5PO,5.0
ACJT8MUC0LRF0,B00AV3XJOU,5.0
A5KMMY627T3W,B00B7XC6PQ,5.0
A1KKE6VX8VPWZK,B001TUYTZM,5.0
A33SX0AD5PYD9B,B001TH7T2U,5.0
AN9CP6J4JF91X,B002R9CQYK,5.0
A194Y47BF3CUTJ,B004AQ95A6,5.0
A20OBCQWBKCGZT,B00ATZ9I9U,4.0
A11I1I9QLMAM1A,B00F1CRTLK,5.0
A3SDJ70H00OQCJ,B008OEHV6U,3.0
AT28RL25Q2OLK,B00005LEOH,4.0
ALNE7Q71JFC0F,B000XB9GV0,5.0
ALDAF4VVLFRHP,B0011NVMO8,5.0
A3PCEB9ND82AGE,B0045JHJSS,5.0
A1AKW788238PWQ,B0000AI0N1,4.0
A31ICLWQ9CSHRS,B00006JN3G,5.0
A3U029B8Z5WGI2,B00ENY08VU,3.0
ABIVKBMSIPEDY,B004SKBIH2,4.0
A3J8A5L5AF5TX9,B006EKIQYM,4.0
A226VGZWOEBPGL,B003ARSO08,5.0
AM8W6Y3HVXLZT,B001SEQN3U,2.0
AMS2CPERWN7JV,B005EOWBKE,5.0
AX7317G153T8W,B001QFYCXO,4.0
A1E3OB6QMBKRYZ,B004UR16ES,4.0
A2WBVO6X3KPMDT,B00346I5LI,5.0
A27T4RQ3XA661C,B007V9SNNY,1.0
A3U41ZL33SS92P,B004L9LT2E,2.0
A2EHYCA29NSQLU,B00902SFC4,4.0
A1KXJCXS6HFRQZ,B002HWRJBM,5.0
A1R76R4E6A8S3B,B005EWB37S,5.0
A7KBAXO177NND,B002WE6D44,4.0
A3PD8JD9L4WEII,B00CI3BIWQ,5.0
A3TRY87JJCA5Y8,B003LPTAYI,4.0
A7KBAXO177NND,B007MYDWKW,5.0
A1TDR7Y90SVCHL,B0012MMW7E,5.0
A2G563AC1HME2R,B002RL875A,3.0
A3TR3KLL5PXSZ8,B002VPE1WK,5.0
A2JAEZ0FMAMJVW,B00EXPNFQO,4.0
A3PD8JD9L4WEII,B00C20KWP4,5.0
A20DZX38KRBIT8,B00BGA9WK2,1.0
AX05DBU8IRUWY,B00G56ZNZU,5.0
AFFVUZEGP1FDQ,B002PK13B8,3.0
A10O7THJ2O20AG,B002HZW7CK,5.0
A25WJCAP606YMP,B00DTPYQBM,5.0
A2BMZRO0H7TFCS,B0036Q7MV0,5.0
A2JOPUWVV0XQJ3,B008PQJWBE,5.0
A3J3ZHGDUDPCFL,B000TS7I6C,5.0
A38NHXL5257E3B,B003YH9EZ8,4.0
A2NJQF2UI60VGT,B007SM7O2U,3.0
A100UD67AHFODS,B004I5BUSO,5.0
A1T9MILRRZ00F8,B004INGZCM,4.0
A2SR7S6ZJJDGNB,B00AASPQLU,5.0
A23R3EOZ837242,B00007E7JU,5.0
AW6FQE5QRF2LM,B0013LQD7Y,5.0
A18HE80910BTZI,B00BPHH8MA,3.0
A2DXENZNO2JT4F,B0092MD8OW,4.0
A361U4SXK7FCQE,B004CLYEAK,5.0
A2Y1WNETD9AYHO,B002J46IYW,5.0
A2QRXQPHDMFCQV,B002LAS1DU,3.0
AXU3VKZE848IY,B000095SB6,4.0
A2XA8CW5DF4MNZ,B001NEK0P2,5.0
A1VHCO8RQFIGQJ,B00005T3G0,5.0
A9Y5O2R4D6EH5,B000N99BBC,4.0
A3OA4DV4L81N1D,B003K1EYM6,5.0
A2JAEZ0FMAMJVW,B00AEZIESG,3.0
A2LW5AL0KQ9P1M,B00829THVO,5.0
ACQYIC13JXAOI,B000ZD0CV4,4.0
A23NSKTMSPPBTR,B00CXADBRY,4.0
A3UKWQS8SRW6IO,B00ISIG690,5.0
A11KZ906QD08C5,B0006OCEFY,1.0
A1DQHS7MOVYYYA,B0042A8CW2,4.0
A3G007LQX6KGOD,B00HRQB28Y,5.0
A3NGOG8Z78AZSD,B0015A6YN6,4.0
A1IG1I6MR3HAWA,B00DCM0DUU,5.0
ANTGGAQYPSWHF,B004J3V7RO,4.0
A32O5FZH994CNY,B000EPHR0C,5.0
AYO1146CBIV5C,B00F93IOR4,5.0
A1T9MILRRZ00F8,B0094S35W4,5.0
A22I55P15NSAOX,B00HMREOLK,5.0
A21NS06GDEA3V0,B0049YQVHE,5.0
A35Q0RBM3YNQNF,B0079UAT0A,5.0
A1MRRMHGV3PN5W,B006K553LU,4.0
AFR9GYKAHM37U,B0038OMEQI,4.0
A3OA4DV4L81N1D,B000EW8074,5.0
A1ZCSSCAGBCD49,B004ZF0PXI,3.0
AKX9EQ37PAYMY,B0068MSGZA,5.0
A3D0UM4ZD2CMAW,B004G8QO8E,5.0
AI2AOCTC8BQVZ,B00932N46S,5.0
ALRCAGJOJ9583,B00BUJBHGG,5.0
ARX7Z3NI6O0F7,B00346I5LI,5.0
AQ55H30MZSV0Q,B000HPV3RW,3.0
A3V7D0LH8L7BG0,B005X9XVNQ,5.0
A3NEAETOSXDBOM,B000BI7NHY,5.0
A84FLVDK2R5JF,B004SBDQGM,4.0
A10Y058K7B96C6,B001TUYQT6,4.0
A4D5B7Q8A7PA6,B003O2RVF8,3.0
A3EP26M3QHINXT,B00004SABB,5.0
A3FOSLM5G1BO63,B007ULT41S,4.0
A1YN5I4FINMBTI,B001D7REIK,5.0
AZNUHQSHZHSUE,B001M4N956,5.0
A2J8DE8R94ZB02,B005CT56F8,5.0
AGYH5U11ZKPFB,B006VCP72W,5.0
A24QFMD1RXLJMB,B002K3Z3DO,5.0
AAQ9NJ480N9W5,B000KE48CM,5.0
A2WLNSZ9U0T1S3,B0002A9RFM,5.0
A38KK0SZYEH5UD,B001FWBUUG,5.0
A2EZTM9WY5B5IL,B00001WRSJ,4.0
ADLVFFE4VBT8,B000TXZIDM,4.0
A36K2N527TXXJN,B00GVRHON2,5.0
AVFJ327UXPXLF,B00CO1I29O,5.0
A3L6L5O89JTX2T,B000QUUFRW,5.0
A1CMD08Z49PGKQ,B009SYZ8OC,5.0
ALQ4USPEQ9L5N,B00CXADBRY,3.0
A2Z2MUP8JRJXEU,B002NEGTTW,4.0
AYNAH993VDECT,B005I6EU48,5.0
A3CG93783LP0FO,B0075SUHKI,4.0
A259MPG6SOL02P,B001QUA6RA,5.0
A51OFQVC6O5YL,B005DVJJWQ,5.0
AI8EMB0HUC6Z5,B0000X0VCY,5.0
A3E3EQ39FZTZEK,B000HCT12O,4.0
ANYC38I00IRVK,B0016LFN2C,5.0
A35HOUWHAYZZN6,B005BCCML2,5.0
A3QQGPI3CTV9SX,B000Q8UAWY,5.0
AZMY6E8B52L2T,B00EDCF0MY,5.0
A2K6CDQ9HZ359G,B007IV7KRU,4.0
A680RUE1FDO8B,B008CS5T76,5.0
A1R377IPZOKLMM,B00D029NNA,5.0
A1Z7SC7HH1BJKA,B00A0ABQLM,5.0
A2SR7S6ZJJDGNB,B00D029NNA,5.0
A11R5VW7IM6ISQ,B004NBL9WK,5.0
A3EP26M3QHINXT,B00IVPU786,5.0
A27QXQQOLAMRRR,B00FQQ4PNQ,3.0
A3LPL35P7FH78Y,B00EZ9XKCM,5.0
A141R97FHSSUQ0,B000AAZQJU,5.0
A3N4VTNFPMTHEF,B00J2LIC44,3.0
AR74YY08IP2WE,B005EOWBKE,4.0
A3R4794K2RVU1S,B00461E7JE,5.0
A2OWR5G2OAQF7C,B002W1WHGU,3.0
A2WPL6Y08K6ZQH,B008VD4TLY,5.0
A3HXGSMCIOZEW8,B000QUUFRW,5.0
ALDAF4VVLFRHP,B001L6LG5K,4.0
A240FRPD4MEXND,B0056Z0SJM,5.0
A33HIV8RXRDM88,B00C8OT7FK,3.0
A1R19YYR5OR26T,B000EY5F5C,4.0
A1435P5AMCPB3X,B000Q8UAWY,5.0
A2UEB48LAWFUCW,B00BWL33H8,5.0
A2XRMQA6PJ5ZJ8,B000BYCKU8,5.0
A6VPK7X53QNAQ,B0043M668G,5.0
A2RGWCT6K2C3EZ,B000JLU2A8,5.0
A3FEGTOLCWXSV4,B0058NN6CS,5.0
A1H6SBO7R007I8,B005JLQL26,5.0
AOEDWQLH2WKKW,B00C0NWAPS,5.0
A1ODOGXEYECQQ8,B005I6EU48,5.0
A22I55P15NSAOX,B008Y1KK6Q,4.0
A3DQWFWINN3V5A,B001QUA6R0,5.0
A2JRDFIGWTX50J,B0009HGVZW,5.0
A2BYV7S1QP2YIG,B007I5JT4S,5.0
A6VXZ1EEPRTLV,B00CSDMWGW,5.0
A20ZM879PCQQEZ,B0055MBQOW,3.0
A15QYHQH80W30L,B001TH7GUU,5.0
A2GMZZ6TDYOHY7,B003O1UYHG,5.0
A1CMD08Z49PGKQ,B000067RT6,5.0
A303SNZ4AR7TDQ,B0036Q7MV0,5.0
A18FLOC8YQY0P8,B000WAHFBK,5.0
A30UP2KKD5IQEP,B0088CJT4U,4.0
ATFBVUXDIRXT6,B007BYLLNI,5.0
A3QMJMTLJC34QC,B001F51G16,5.0
A215IN14OKAE2T,B008XVAVAW,4.0
A3QKIR8J56EUI1,B003IRR0YQ,5.0
A1GBT4UN2RW7XY,B00066IJPQ,5.0
A15QYHQH80W30L,B000EOSHGQ,5.0
A3JU990UTN5RQP,B002VPE1Q6,5.0
A1URXSRV6WDHVY,B005O81U9S,4.0
A1QLQCJVGCQPP0,B008LTBITY,5.0
A2WCFDOCS73PNB,B00834SJSK,5.0
AX7317G153T8W,B002IC0YL8,4.0
A12DQZKRKTNF5E,B0066636AS,2.0
AY3D7DG5L5WCK,B00G4FCHH4,5.0
A2UOHALGF2X77Q,B004YI9NTS,5.0
A2XIOXRRYX0KZY,B00EL8NJ82,5.0
A3LZA698SQPCXE,B009YQ8BTI,5.0
A2POXR5VS3PHKR,B000A3WS20,5.0
AKSQNMIKOU01H,B000JLM50I,4.0
A105TOJ6LTVMBG,B000LP0R3E,5.0
A7EU2BWLLCJY2,B00FSA8VQ2,5.0
ANXEW7IDYDJEH,B00006JN3G,5.0
AT8V3JOZD3KWK,B001FA1NK0,5.0
A2JP9E1H0SF392,B00AAHTQ30,4.0
ATZJNEXX7LWD3,B001VFUN82,3.0
A23GFTVIETX7DS,B00FSA8VQ2,4.0
A3Q4TYJVAM4IRM,B007R67FNA,5.0
AZNUHQSHZHSUE,B004N625B4,5.0
A2JKM8KF3296CW,B0094V6104,2.0
A25UZ7MA72SMKM,B0014VY28A,5.0
A24P4E3RJ6AX94,B0090I9VVC,5.0
A1ODOGXEYECQQ8,B005O9YMM4,4.0
A23GFTVIETX7DS,B00JWV1LP6,5.0
A3VI2VETB90ZG5,B00EJ8CKGG,4.0
A1FLJCHN5CG5M5,B001G1ZPV6,5.0
A3PPO2X5PJE1L9,B006DEBYWU,4.0
AX05DBU8IRUWY,B007WTAJTO,5.0
A361M14PU2GUEG,B00CD8ADKO,5.0
A2XJMQ2COPGWJH,B002EUCU3O,5.0
A17Z0LVY96TO53,B000V5K3FG,4.0
ASRA2UZ3JV87B,B003IT6XBK,4.0
A28I5UM0FT3I6T,B003AVMRQG,5.0
A2EMUM49CE0JV4,B001XURP7W,5.0
A1PL7QILVQV3IF,B00005T39Y,5.0
A11I1I9QLMAM1A,B001O9X9EU,1.0
A1OMXVXXP07F05,B0081OY95E,5.0
A12LH2100CKQO,B003VAHYTG,5.0
ACJT8MUC0LRF0,B00I0G8GNY,5.0
A2MIP3AQVSF2SS,B000N99BBC,5.0
A361M14PU2GUEG,B00EH5TWT4,5.0
A3V7D0LH8L7BG0,B003DTLV8K,5.0
AT28RL25Q2OLK,B002PU9SQU,4.0
A1QOK9LU90ACF7,B0096YOQRY,5.0
A1R377IPZOKLMM,B003ZQYVVK,4.0
AY3XPKRAMKKY7,B006N1TF7E,2.0
A5JLAU2ARJ0BO,B0002IWC9C,3.0
A2VODABWSVHV8E,B000H02B6O,5.0
A240FRPD4MEXND,B004R6WWK4,4.0
A3G007LQX6KGOD,B00FF8ZRR8,5.0
A1BJOHHLG0D965,B005GIWTOQ,4.0
A5JLAU2ARJ0BO,B00005MOZG,4.0
A3BNMHRW2R35LK,B001MSF1FI,3.0
A1J75JJ0Q2OEJN,B0054L8MR8,5.0
A3V6QSTG2T9MIO,B00BXF5GKK,2.0
A1FXT4VNDA25LY,B00004ZCJE,5.0
A3A15L96IYUO6V,B007ZW43IQ,3.0
ADLVFFE4VBT8,B004WIUDGM,4.0
A1QQA7Y92L4F9R,B001LK8P14,5.0
A2V5M5EJPOD2IU,B00452V66G,5.0
A3284KYDZ00BZA,B0030MIU16,5.0
A26BDXG9KVH7SU,B007C0Y7RI,2.0
A26LD9FQHTM8ZH,B001TZQITM,5.0
AEN44U6T9R93,B000OGX5AM,5.0
A1E1LEVQ9VQNK,B005GI2VMG,5.0
A3F3B6HY9RJI04,B00IL7B2YM,4.0
A1F7YU6O5RU432,B00BERGFV6,5.0
A23ONMGKEWDG4M,B0002SQ2P2,5.0
A319Y83RT0MRVR,B004OR14H8,5.0
A1SDPA1J98UP4L,B0035LBRJO,4.0
A2IMLOJ2Z2QEU2,B004T9RR6I,3.0
AQB4DH57MSZSC,B0078LSTWU,5.0
AEJAGHLC675A7,B008ZGKWQI,5.0
A2LW5AL0KQ9P1M,B00DQZSBUC,3.0
A1CN1P7147QDJC,B008MDSWI4,1.0
A3BNMHRW2R35LK,B001TH7GSW,5.0
AB094YABX21WQ,B000067RC4,4.0
A1GWG5CWLKJ7ET,B002MMY4WY,5.0
A1S7BFT0HDF3HA,B0015EA3NO,4.0
A7Z2J9V37ABCO,B009NB8WR0,4.0
A3SOJO7Z7R9WIA,B00D1QC50S,4.0
A3EK2KTYHJCPB9,B004CLYEE6,5.0
A22I55P15NSAOX,B008R7EVE4,5.0
A1HFT68GJ42LTM,B00DLKE7OQ,5.0
A5Q1FK0FWU7DH,B001QFZMCO,5.0
ADHA1W879JNT0,B00634PLTW,5.0
A36MP37DITBU6F,B004GUT1QO,5.0
A328S9RN3U5M68,B00G537M7K,5.0
A3J8A5L5AF5TX9,B002G1YNQS,4.0
A24HWYHR28JJ7A,B0079T724W,3.0
AT8V3JOZD3KWK,B001144JQU,5.0
A19FRW264WZTGP,B0062HIPMA,4.0
A2BLFCOPSMBOZ9,B00CIYXD6O,5.0
A2WCFDOCS73PNB,B001H9NR7Q,4.0
A4D5B7Q8A7PA6,B007CRWQ74,5.0
A37PV5GMP2ILJC,B003JZU8DC,4.0
A2V9DTXTQ5YIMK,B0043M668G,5.0
A2OBDNQ5ZYU1L8,B0082E9K7U,5.0
A2UKE7GIVC7XFW,B00829TIEK,5.0
A1OA2ZW406NQXM,B001UE8IMC,5.0
A259MPG6SOL02P,B0041OSQB6,3.0
A226VGZWOEBPGL,B00F6E8OUS,4.0
A3JNBO7H2SPL44,B003VANO7C,5.0
A1YVO5V1SO18DZ,B00DQZNWNI,4.0
A1522TN5FVJL0Y,B003VAHYNC,4.0
A36K2N527TXXJN,B00D1V2882,4.0
A1JUBRIZMO0RJV,B0002GDIII,5.0
A2ARDVMUGDFED6,B001SVJUPG,4.0
A38KK0SZYEH5UD,B00ESLEAFI,4.0
A370XYLIZCSK1Y,B00BBD7NFU,3.0
AHNHLGKIZ2N3B,B00BOHNYTW,5.0
A3R33KMESG0XGQ,B00634PLTW,4.0
AYB4ELCS5AM8P,B00IMZKDOS,5.0
A3V2EZ6MA32FF6,B0058NN6CS,5.0
A240FRPD4MEXND,B003X26LYG,4.0
AQ2FC1DLKVD8H,B0041Q38NU,5.0
A2PL06HW6KZH2,B001E1Y5O6,5.0
AXR3CV6A4FMBG,B004HO58L6,3.0
A353U0L2HAMSHV,B001TOD7ME,4.0
A1VVRA3P6G1TWH,B00009XVCZ,4.0
A2XRMQA6PJ5ZJ8,B008AF383S,5.0
A30X750M8V1XXW,B0028AD7BE,4.0
A17BUUBOU0598B,B0013F6HK8,4.0
A12DQZKRKTNF5E,B00CSFCYFY,4.0
A3K91X9X2ARDOK,B000092TT0,5.0
A54S9CIUV5VNB,B006JH8T3S,5.0
A1MFVAHTT2BHM0,B004HBK4T0,3.0
A31BD4RXCON7QO,B003NRHAH8,5.0
A7Y6AVS576M03,B000HZDF8W,5.0
A3QQCEQ33O0GJU,B000JQ17WK,5.0
AW5JSQCHC2ZJO,B00DR0B31U,4.0
A11EXFO14WEJM1,B006DEBYWU,5.0
A34JKODTSKCGEN,B000FIVDIA,5.0
AMVXR3NPL0GWX,B003SQEAY0,5.0
ANTN61S4L7WG9,B00E87E1OM,4.0
A18L9A64XNGVGU,B005ARQV6U,4.0
A3NG7X4APIV649,B00C0NWAPS,3.0
A2ZRG5NOFZ47RK,B0009Y7APU,5.0
A1ODOGXEYECQQ8,B0009MX5R4,5.0
AWNBZSEZ9P8BE,B009SQQF9C,4.0
A8WEXFRWX1ZHH,B0096YOQRY,4.0
AXYM52DNK6NDF,B003ES5ZUU,5.0
A1X2LENOF84LCQ,B00CF7E0R0,2.0
ABAPF3XY1W6JX,B004W2JKWG,4.0
ANEXFROORI6F6,B00030DEQE,5.0
A1VVRA3P6G1TWH,B000I1ZWRC,2.0
ABMF4UC4Z00NT,B000WOK2ZM,5.0
ADLVFFE4VBT8,B002XGDU9M,5.0
AR3EVUQF0AC7R,B008RW6R9Q,4.0
A2W9I628I6SE1U,B00DTPYQBM,3.0
A2V1J3JT5OOZFO,B00CEZBKTO,5.0
A3FEGTOLCWXSV4,B00CD1FB26,4.0
A1R377IPZOKLMM,B001HBIYI6,5.0
A3Q1J68QY1MZQ9,B005IPMIBQ,3.0
AZMY6E8B52L2T,B001M56DI0,5.0
A18HE80910BTZI,B0090J652Y,4.0
A2NB2E5DXE319Z,B005C6CVAE,5.0
A3OXHLG6DIBRW8,B00070QI1I,5.0
A3DOPYDOS49I3T,B000I1ZWRC,5.0
A38C12950IM24P,B00GN6PPXW,4.0
AHQRU3MRORIWQ,B001DULYZG,2.0
A2BIJMB2BITQUM,B009HQCARY,3.0
A2V1J3JT5OOZFO,B00825BZUY,5.0
A1F1A0QQP2XVH5,B00AQRUW4Q,4.0
ACYZXQ2JKPZKT,B00005LENO,4.0
A28BX3MM90A6FI,B000PDR230,3.0
A3QD59N3M7O7KB,B002GYTPAE,4.0
A4H4KYSM2KQ85,B008MWBY6W,5.0
A2KZOIOFXXMC1H,B002FYL7PG,5.0
A2TA40MV2H4O6F,B008UHK3KM,5.0
AI8EMB0HUC6Z5,B00519RW1U,5.0
AKCZIJ6ZHE41D,B003PL0AME,3.0
AWNJAY0M5UI70,B004GF8TIK,5.0
A31ICLWQ9CSHRS,B000QY9KIS,5.0
AO09RWV40IX78,B005TDWY52,4.0
ATMQEI1LKR6VB,B002ZV51DI,4.0
A3VBXQKRM7A4JR,B001UQ6F4S,5.0
A11I1I9QLMAM1A,B00IF0KJTE,5.0
A25C2M3QF9G7OQ,B00CMF0SO4,5.0
A1TY97ZGQT5FGF,B0041OSQ9I,1.0
A3IMALU0RM8UT9,B00011KM38,5.0
A22CW0ZHY3NJH8,B00J80TN7O,5.0
A1435P5AMCPB3X,B003H3NH5W,5.0
A2XIOXRRYX0KZY,B00DR8LA60,5.0
ADZF3QDGSZE7K,B00009USW3,5.0
A3NEAETOSXDBOM,B002FB684E,5.0
A1J75JJ0Q2OEJN,B00BQ5RYI4,5.0
A1AH8033GWKBY7,B000H7NVX4,1.0
AYOMAHLWRQHUG,B001TZWNF0,5.0
A2AY4YUOX2N1BQ,B002OOWC42,5.0
A23ZNGL704AW7O,B001E1Y5O6,5.0
ATDQ9CGCWTT8D,B004TKTOWC,5.0
A2YEOR4XJ8N3QE,B0088CJT4U,4.0
A3M82NO6OU1FHS,B007NZGPAY,4.0
A2AF0NOCM71J0B,B0002EQU6C,5.0
A2PICNZWHEINQC,B00834SJNA,2.0
A2VIYTWXANL343,B0013AV4M4,5.0
A253IOATGMT2UP,B001FO4QHI,5.0
A1NGFGBX2VCQS8,B0097BEFYA,5.0
A25FL6VLD7S23S,B000144I30,5.0
A2WPL6Y08K6ZQH,B005HSG3TC,5.0
A2RU4U1JZ3DMP5,B002UT42UI,4.0
A259MPG6SOL02P,B008R7EVE4,3.0
A3QNQQKJTL76H0,B005ARQV6U,5.0
A1EH2S92FHWZRP,B001DLTDQC,3.0
A3L9E0YI7C5G0W,B008AST7R6,5.0
AFFVUZEGP1FDQ,B002TOJXIA,4.0
AGGAQLXPVGM5D,B008PWUWLC,4.0
A2F7CSE6KT7NI4,B00EH6ZTI6,4.0
A30J7WQV0ZNRXG,B000NK3H4S,5.0
A6VXZ1EEPRTLV,B00005ATMI,5.0
A3FFZQKCA7UOYY,B000OG88KY,5.0
A2QNS95WGN35G9,B001N85NMI,5.0
A2NPN06SYI5VL3,B000TKHBDK,5.0
AWPODHOB4GFWL,B00BAM2PJQ,4.0
AVTJEWTCJ3PBE,B0006I1TRY,5.0
A17V9XL4CWTQ6G,B00BWF5U0M,5.0
A1A535TCGNMVPI,B00FFZD51Q,5.0
A11R5VW7IM6ISQ,B004G8QO8O,4.0
A2SZLNSI5KOQJT,B001R0QBI2,4.0
A2TVH2OBNXYXHV,B001FA1OHW,3.0
A35HNL2VEDK9Z1,B002V88HFE,5.0
AVBLGXSWRN666,B003ES547O,3.0
A1BBYSMT9YCODI,B003EYVP12,5.0
A3VVMIMMTYQV5F,B000FKQ8LA,5.0
A8WEXFRWX1ZHH,B00HF3X5RU,5.0
AQM0K7MBBT4AY,B00904JILO,1.0
AHF4I1FSIHABC,B0026ZPFCK,5.0
A2F4HP0J5VNOYR,B002C7481G,4.0
A54S9CIUV5VNB,B002ZIMEMW,4.0
A2NOW4U7W3F7RI,B00FR8Z75I,5.0
A34JKODTSKCGEN,B000I68BD4,5.0
A2JP9E1H0SF392,B00FJXVRM8,5.0
A1IU4UAV9QIJAI,B001OORMVQ,4.0
A38CHSS1ZAE51B,B003CH1SJU,5.0
A37CEYB95LK6R6,B0078K17WK,5.0
A1SB9BNNGKNX2Z,B001OQC0H0,4.0
A1WXG10FJ353K0,B00DR8LA60,5.0
A1UTM65Y3G9HUL,B007SZ0E1K,5.0
A2W9GX82SLKROQ,B002Z2QDNE,3.0
AHIK7BUXFRMT8,B004GF8TIK,5.0
AUITG1DJ3QUGK,B0063705PE,3.0
ADOR3TR7GDF68,B00BGGDVOO,5.0
A3Q1J68QY1MZQ9,B00DY2Y1OW,4.0
A2PK64OVZA1U8Z,B000097O5F,5.0
A2F4HP0J5VNOYR,B0014IM2RQ,5.0
AFQBS241UKPAZ,B00FPKDPZC,5.0
A2SGAJWXG65464,B004XIT4NO,4.0
A2VH0UT5EQFB6P,B008X1BVH4,3.0
A1J75JJ0Q2OEJN,B001TODUXA,4.0
A6VPK7X53QNAQ,B0000UV2AW,5.0
AX05DBU8IRUWY,B008R7EVE4,3.0
A3NEAETOSXDBOM,B0019EHU8G,5.0
A2TRXEZYU9GYY8,B003CH1SJU,5.0
A1CSRR7FCKBL9M,B000JE7GPY,5.0
A1BT6TL7UCIC5Y,B006ZBWV0K,4.0
A2WF58BAWLVI95,B000ND75CU,3.0
A1X1CEGHTHMBL1,B00BUACE8K,5.0
A267FU71Z01CIH,B004BDOREC,3.0
A233TZONT1OGR0,B000M17AVO,5.0
A3MQAQT8C6D1I7,B00GTGETFG,5.0
A26SO3TOT2TLJE,B001CHHVCU,3.0
A3AG5QAT8L0I3R,B003VOW5WI,4.0
A11I1I9QLMAM1A,B00DQZRQPI,5.0
AZMY6E8B52L2T,B00DQZOD8Q,1.0
A1WF4QNIE2Z3I7,B0034CL2ZI,4.0
A1H4IVXNXWWBLV,B003NRHAH8,3.0
A1R3GN9MEJFXM3,B000QYEN1W,5.0
AU2UJF4I7KAWL,B001SVJUPG,4.0
A11KZ906QD08C5,B000EHUE7I,5.0
ABXANRX4GPYRZ,B004E10KFG,5.0
A6VPK7X53QNAQ,B0001D3K8A,4.0
A38NELQT98S4H8,B001L6LG5K,1.0
A3MQ15651KGVLJ,B000N99BBC,5.0
ABVYGB2TKBO8F,B003MQWN40,5.0
APMYPD97EHUUZ,B002NEG0VO,1.0
ARBKYIVNYWK3C,B009LL9VDG,4.0
ALDAF4VVLFRHP,B00BQ5RY1G,5.0
A35OIWPVTGW3UC,B002QEBMAK,5.0
A2QRXQPHDMFCQV,B009HQCARY,3.0
A1SB9BNNGKNX2Z,B004SKBJYE,5.0
A3VC74TJ06WDDD,B00840353W,5.0
A18HE80910BTZI,B002UUPWP6,5.0
A22CW0ZHY3NJH8,B003FMVCRU,3.0
A3L1VJMHFWONCB,B003VAK16O,4.0
AWPODHOB4GFWL,B005DIQ2OC,5.0
A30UP2KKD5IQEP,B0009YDP7W,5.0
A225G2TFM76GYX,B00066IJPQ,5.0
ADLVFFE4VBT8,B00HQCIDGI,5.0
A313H6238N589,B008N0ATDW,4.0
A2W9GX82SLKROQ,B009AR2MQO,4.0
A362FM6FYA1SYS,B0000A1G05,4.0
A3L9E0YI7C5G0W,B00AANMVNQ,5.0
ASJZT7DM51QEM,B002MCZJ78,3.0
A3OXHLG6DIBRW8,B001PUQ7PG,4.0
A1ZPY91VE3IDN1,B008X9Z9ZQ,5.0
A3GVXKCTFN3YDN,B005LJQNQU,5.0
A2HDTOF8222KN3,B007P4VOWC,5.0
A1T9MILRRZ00F8,B00IVPU6AA,5.0
A250AXLRBVYKB4,B0088CJT4U,5.0
AIFLY2HF8NS8U,B004SBCFLE,5.0
ASJZT7DM51QEM,B006K550J0,4.0
A21GW4L8FO307V,B004S4R5CK,5.0
A3NG7X4APIV649,B00829TIA4,1.0
A3H4S6YO9VNGDZ,B009KY58FE,4.0
A33775AIB1A664,B005KG44V0,1.0
A2G563AC1HME2R,B003FST9EC,5.0
A1OA2ZW406NQXM,B003NVMDWG,5.0
A1MRRMHGV3PN5W,B002VPE1XE,3.0
A23E9QQHJLNGUI,B00829THO6,5.0
A2RIL2NXHE00AQ,B001TI9F8U,4.0
A357B3PUHSVQA,B007B6YPAW,3.0
A17HMM1M7T9PJ1,B00AWLCJ6K,4.0
A2DXENZNO2JT4F,B00CRJWW2G,5.0
A359MYLPLEOF7N,B0056BPUQC,2.0
A1TQZUSOU22E9M,B003W9B4H4,5.0
A32T2H8150OJLU,B00829TIEK,5.0
AS7J4952JB5XR,B005KBB79C,3.0
A1FDV3WPOHREY9,B002MPPHKY,5.0
ANW6EGY12V5XS,B00AYT62HC,1.0
A1UQBFCERIP7VJ,B003XE3X8Q,5.0
A1143YEAZYMYHJ,B0024R4B5C,4.0
ANRS196NKFVUU,B000BQ7GW8,5.0
A2VH0UT5EQFB6P,B007X3VC7W,4.0
A1BBYSMT9YCODI,B001AZP8EW,4.0
A209G57KXCBF4C,B00BBAFUOY,4.0
A3F7USIDJBR8WU,B000L47AHG,5.0
A2XRMQA6PJ5ZJ8,B001V9KG0I,4.0
A3CW0ZLUO5X2B1,B00005AW1H,3.0
A1N5FSCYN4796F,B003I4FHNA,4.0
AJX9A4Q19UTJU,B00DT04I9W,5.0
ATOKT8QYK967L,B00E3RH5W2,5.0
A7UPJYPAH73NC,B0028Y4H1O,4.0
A7EU2BWLLCJY2,B000HDJT4S,5.0
A2SKEQT0WTB954,B001AW8W7A,5.0
A3SVYWA9O1KUQV,B0081OY8B4,5.0
A36IHC0K68NS2,B0038KV2MO,3.0
A37D1ZP8GBHE38,B00G4E2IRE,5.0
AGOH8N902URMW,B009HNK272,5.0
A36K2N527TXXJN,B0051FWA7U,5.0
A3TBMAWIIHKHFN,B002CVU4G0,5.0
A22CW0ZHY3NJH8,B0079UAT0A,5.0
A9DYWY9VOSP1P,B000W09ZTK,5.0
A6KL17KKN0A5L,B00007E7JU,5.0
A3F9CMU8KNAY1M,B004CLYE8C,5.0
A2AEZQ3DGBBLPR,B0000VYJRY,3.0
AIBRTGBN07D6A,B000N99BBC,5.0
A3BNMHRW2R35LK,B00428N9M2,5.0
A2RWHTNM5P3I8Y,B00CE590Z0,4.0
ABMNX856X89CS,B00EOI2SYK,4.0
A2WB7LZ595CR50,B0049MOAHE,3.0
A1W4F91DH3XPB2,B0035JJJQY,2.0
A3DGJMO6VPG6FJ,B00HPMCO4Q,4.0
A2UQK3DAZ8NO2T,B001CBKJGG,3.0
A2L36AGL8CKY3D,B001MXLD4G,5.0
A14JBDSWKPKTZA,B003G2Z1M6,5.0
A3963R7EPE3A7E,B00000JDF5,5.0
A3EK2KTYHJCPB9,B0049MOAHE,3.0
A2NOW4U7W3F7RI,B00004ZCJE,5.0
AAEVGE52KL0DJ,B00GN6PPXW,4.0
A1SB9BNNGKNX2Z,B00008Y0VN,5.0
A26EQ8U96JA92T,B005LIDN00,5.0
AIJQU979J6UFY,B002O3W2OI,3.0
A267FU71Z01CIH,B0079R8KO0,5.0
A1B6O7SAIYG2N0,B0001GMIOE,5.0
AKT8TGIT6VVZ5,B00JC5Y6WM,5.0
A233TZONT1OGR0,B002GYTPAE,4.0
A28621TSIR5EOG,B007WTAJTO,5.0
A3MFORLOKIOEQY,B004DMNT2W,4.0
ASJLXOX1VD4DF,B00CAAJDP6,5.0
A20L63B48RPSOH,B003EYVEVS,4.0
AVFJ327UXPXLF,B005LSZ2TA,5.0
AETQIN7OH0RL9,B004TJ6JH6,4.0
A1BXVZSQOJE6UE,B0062XB9FE,5.0
A1C82BC5GNABOA,B003L1ZYZ6,5.0
AWNBZSEZ9P8BE,B00B5HE3UU,4.0
A2AY4YUOX2N1BQ,B00E362W9O,4.0
A2PZXXPGLXXKZU,B00685ZCZY,3.0
A3KTWUXXB8KKC7,B003XIJ3MW,5.0
A1RL1OTV8IJMVD,B002HWRJBM,4.0
A3H4S6YO9VNGDZ,B000068O16,5.0
A4WEZJOIZIV4U,B00CGUMR2Q,4.0
A2BCDZO1XQLDH,B001AYW91I,3.0
A23NSKTMSPPBTR,B00829THK0,5.0
AZMY6E8B52L2T,B007OY5V68,5.0
A1ILWPH1GHUXE2,B0094S35W4,4.0
A3NHUQ33CFH3VM,B0079TOG82,5.0
A1G650TTTHEAL5,B00DR0PDNE,4.0
A186697K4XKXQL,B005DOUJL8,5.0
A28N2AWOVO2PB,B001FW9QGQ,4.0
A32QOZWIKQDNZX,B001EQ4C8U,5.0
A2AF0NOCM71J0B,B008LTBHYU,4.0
A2NB2E5DXE319Z,B002RM08RE,4.0
A1LD5SE8IZ1H70,B005IVUWHW,5.0
A2L4ZGN7GZJ95T,B00HGLOQ24,4.0
A2QIC4G483SQQA,B0007TOR08,5.0
A39137LW12KK7B,B0013AV4M4,5.0
A257X1MQJO82P2,B007BZRXK2,5.0
A3A4ZAIBQWKOZS,B00AKONZ3U,5.0
A2W9GX82SLKROQ,B007W0XHK6,4.0
AR74YY08IP2WE,B004HW7E7E,3.0
A2WB7LZ595CR50,B005DLDO4U,5.0
A3LGT6UZL99IW1,B004W2JKWG,1.0
A1BT6TL7UCIC5Y,B00176TEGM,5.0
A3L9E0YI7C5G0W,B004EBX5GW,5.0
AW5JSQCHC2ZJO,B000JMJWV2,4.0
A31BD4RXCON7QO,B000I1YIDQ,5.0
ARX7Z3NI6O0F7,B0002L5R78,5.0
A4H4KYSM2KQ85,B008OEHPPM,5.0
A3LZA698SQPCXE,B00746W3HG,5.0
A15J9K7O10A3M6,B001F8SCRE,5.0
A84FLVDK2R5JF,B001OOZU8I,5.0
A2HRHF83I3NDGT,B008HK50ZA,5.0
A2BCDZO1XQLDH,B004CLYEB4,5.0
A3NGOG8Z78AZSD,B004SY5O5K,4.0
A2LLSFQO8O8XNW,B00429N18S,5.0
A1MJMYLRTZ76ZX,B003CGMQ38,4.0
A11KZ906QD08C5,B001AO2274,3.0
A3TAS1AG6FMBQW,B008S4TSAI,5.0
AG2YXYIQ8TLTA,B0038OMEQI,5.0
A20VG5W98SX99L,B001963NZI,3.0
A2DF62DP20RIXF,B006CFU61U,4.0
A8CKH8XB33XGN,B001VEAI74,5.0
A2AF0NOCM71J0B,B003ELOSXM,5.0
AVPNQUVZWMDSX,B002FB7IX4,5.0
A2SPV96SGOEO2,B008EQYRRY,5.0
A1ILWPH1GHUXE2,B0019OZ3OO,2.0
A27ADCSD15F3GL,B004WK3U9W,2.0
A36A1ZYZH8568P,B000LRMS66,3.0
A1MRRMHGV3PN5W,B007Q8GOGI,4.0
A15Q2L6DYRTFIU,B003QVWJM2,5.0
A25KKXUQQ0OLWB,B009WZRCO6,4.0
A3QJU4FEN8PQSZ,B0099SMFP2,5.0
A3MFORLOKIOEQY,B007TSERQO,4.0
A1RL1OTV8IJMVD,B00C8OT7FK,3.0
A1ZU55TM45Y2R8,B006K55662,4.0
A2XCCN239AR1XK,B00D8T886S,4.0
AAXAKFQEAQPWC,B004SBBD8U,5.0
A4D5B7Q8A7PA6,B004CLYEBO,5.0
A32JCI4AK2JTTG,B0073FE1F0,5.0
A1A535TCGNMVPI,B00GDL2PPI,5.0
A3NVZTGPORNPRW,B0023Y9EQC,5.0
AD9ZL63H0VKCZ,B0042X9L6A,4.0
A4WEZJOIZIV4U,B0041Q38NU,5.0
A18YMFFJW974QS,B001DJ9GOS,5.0
AC1YLEFC9AN5X,B002IC0YL8,4.0
A3MQ15651KGVLJ,B004X086LS,5.0
A2VJ5ALN1BIV3B,B009VL9YGU,4.0
A1BXVZSQOJE6UE,B00931DHKM,1.0
AXR3CV6A4FMBG,B005KSZ430,4.0
AD9ZL63H0VKCZ,B009YE462G,4.0
A35Q0RBM3YNQNF,B00GUTY132,5.0
A5JLAU2ARJ0BO,B002TOJXK8,5.0
A1F9Z42CFF9IAY,B001TANZ0W,4.0
A2LW5AL0KQ9P1M,B008ULPE70,5.0
A1TQZUSOU22E9M,B00275XTSQ,5.0
A1NGFGBX2VCQS8,B002DPUUKK,3.0
APQQK1V695AUE,B000BI2180,5.0
A2ZRMCRLDSUX6R,B004M187ZI,4.0
A1UNJ46NSB352E,B00I053I5G,5.0
AMZCZBK1EF1PV,B00ATM1MGA,3.0
A32482Z7XIKDQX,B005H3Q57M,5.0
A2JWF9IG8PJAOA,B005CT56F8,5.0
AOMEH9W6LHC4S,B003RRYAXQ,4.0
A3IK2VCQ007CJ,B001NLV4TQ,5.0
A36A1ZYZH8568P,B000AYJDD6,4.0
AAW7X3GRD8GY9,B009NB8WR0,5.0
A2ROZACRW31PC2,B002RM08RE,4.0
AW6A4PPENVZY3,B000VDCT3C,5.0
A2J8DE8R94ZB02,B004HD4L1U,4.0
AT09WGFUM934H,B004G6002M,3.0
A2BLFCOPSMBOZ9,B008R6WUZC,3.0
A2IMLOJ2Z2QEU2,B008X9Z44M,5.0
A3UR2N0ATGBCU8,B000TKHGL2,5.0
A26EQ8U96JA92T,B008ULPE70,5.0
ADKZOXAOV8EXD,B004GCJEZU,3.0
A3FPSY1M6G7XIB,B003A6H1OY,5.0
A6VPK7X53QNAQ,B009WZRCO6,3.0
A105S56ODHGJEK,B0085YTDBA,5.0
ANYC38I00IRVK,B006GQHRU8,1.0
A31N0XY2UTB25C,B002RCNX8K,5.0
AHD3NZHDUZ5I6,B003656Q7C,4.0
ADKZOXAOV8EXD,B001RNNXQM,4.0
A11OTLEDSW8ZXD,B004XANKWI,4.0
A2XU6J41ZQOJ2V,B004NBZ8DQ,4.0
A2SPV96SGOEO2,B001EZRJZE,5.0
A3V2EZ6MA32FF6,B006K54ZU0,5.0
A2FHTXLKY1XJDB,B002IJ95ZM,4.0
A2NVQZ4Y7Y0J1R,B001ENOZY4,4.0
A2NOW4U7W3F7RI,B00I9V8D92,5.0
A25C2M3QF9G7OQ,B006OM75I8,5.0
A32482Z7XIKDQX,B008N06I2I,5.0
A2BLFCOPSMBOZ9,B00BB6DCUC,5.0
A2T689YVOAYGGD,B0036Q7MV0,5.0
A2ZDY0V4Q1SZD7,B003YNQ6MG,5.0
A18YMFFJW974QS,B001MXLD4G,5.0
A28N2AWOVO2PB,B00F69PXL6,5.0
A356RFKNIG043B,B00HSQAIQU,5.0
A3MFORLOKIOEQY,B004TKTOWC,5.0
A11R5VW7IM6ISQ,B007WTAJTO,5.0
AT53ZTTO707MB,B00GJYJFKM,5.0
A1TDR7Y90SVCHL,B0017TFVUW,4.0
A2IFGGXG3YV3Y6,B00ATM1MVU,4.0
AMUP8DYE7EAN2,B005FDXMJS,2.0
A28UMA3GW9L124,B007KZQMO6,2.0
A3MQAQT8C6D1I7,B0000X0VCY,5.0
A84FLVDK2R5JF,B000EWHH7I,5.0
A2HXEJXEQQTM1D,B000BTL0OA,5.0
A361U4SXK7FCQE,B005KFONIU,4.0
A1URXSRV6WDHVY,B006291K7A,5.0
A3KZ7OH4VRL048,B0063705PE,5.0
A32O5FZH994CNY,B005HY4UJ6,5.0
A1OA2ZW406NQXM,B0032ANC5U,5.0
A3H6NNGCINPLEC,B0035JJJPU,4.0
A3NHUQ33CFH3VM,B00BERGFV6,5.0
A3L6L5O89JTX2T,B002WE6D44,5.0
A1KDUQ2HU0WD68,B00G5RDU5O,5.0
A1PI8VBCXXSGC7,B004GCJEZU,4.0
A16SRDVPBXN69C,B000UMX7FI,4.0
AZ515FFZ7I2P7,B001FWXDZQ,4.0
A2UKE7GIVC7XFW,B001F7HLRC,4.0
AZMY6E8B52L2T,B00HJ1NQLS,5.0
AY4EXFOO43C3S,B005LFT3GG,5.0
A1MFAPVBW9BEGD,B007477COO,1.0
AG6TX1ZJHLMO7,B005HY4U46,5.0
A1MZL91Z44RN06,B0002WPREU,5.0
A1ITRGMT80D5TK,B0056H9KKI,2.0
A2AY4YUOX2N1BQ,B001EH8FZA,5.0
A2IT7S59GSASN7,B004CLYEH8,4.0
A11ED8O95W2103,B000VW2QRM,4.0
AKCZIJ6ZHE41D,B0019EHU8G,4.0
A3U6J0DLLDEWM2,B00BIY7WNA,3.0
A1OMXVXXP07F05,B000812QC6,4.0
A2VAD79S4A06DD,B002MAPSDA,5.0
A16QODENBJVUI1,B003ES61EE,5.0
A17O9AHKHK66AI,B00E0EY7Z6,3.0
A2RWHTNM5P3I8Y,B00AYTW80M,4.0
A2XRMQA6PJ5ZJ8,B009USAJCC,5.0
A3VBXQKRM7A4JR,B004BDORE2,5.0
A3PJJTAKISAFI9,B001KC08A4,5.0
A36IHC0K68NS2,B007X95MNG,4.0
A1R76R4E6A8S3B,B00FR6VL50,5.0
A3CJ7MHAS9IMAM,B009APBZVY,4.0
AZMY6E8B52L2T,B00F0DD0I6,5.0
A3M7BCQKSQAK4L,B003AM7V0C,3.0
A3QRR8PSCBI07C,B0018YHZHI,4.0
AR18DH5SL9F73,B004LPY204,5.0
A3D822N1K2IAQD,B00EB7UIO6,4.0
A2AF0NOCM71J0B,B00BQ4F9ZA,5.0
A2YRX8J4WM5BRX,B000089GN3,5.0
A21I62TCDL4754,B001C6IWME,4.0
A356RFKNIG043B,B00F9ZQQ8Q,2.0
A2YYHSORXIHZCS,B0042X3F76,5.0
A2FRKEXDXDN1KI,B00BIY7WNA,5.0
A3KZEGBTPH6MMF,B003ELYQGG,4.0
A110PC8C5Y7MQD,B003LSTD38,5.0
A3S5EXYZDEBF3K,B005QXX0MG,4.0
A3M7BCQKSQAK4L,B005ES0YYA,5.0
A2YEZ8Z3BW2SKG,B009YT6PPC,5.0
A2UWPPU5GZLMQZ,B005IHAIJ8,4.0
AGEKVD8JPZQMT,B00BLCLUQO,4.0
AZ515FFZ7I2P7,B00C28L51G,4.0
A3FEGTOLCWXSV4,B00DR0PDNE,5.0
A2JOPUWVV0XQJ3,B0096T97OG,4.0
A100WO06OQR8BQ,B0088CJT4U,4.0
A22CW0ZHY3NJH8,B00ISFNSBW,5.0
ABUE0ALHKWKHC,B004CLYEH8,5.0
AN9CP6J4JF91X,B003ZX8B3W,5.0
A11KZ906QD08C5,B00168Q248,5.0
A2NP9CGUSFP22E,B00EVVGAC6,2.0
A1ODOGXEYECQQ8,B00I3YKEKG,3.0
A3NEAETOSXDBOM,B00727FE5U,5.0
AW6A4PPENVZY3,B002MMY4WY,1.0
A2GKMXRLI7KLFP,B005D5M136,5.0
AQ3IN3MRXQ5KH,B002VPE21A,5.0
A3EQQHWJ1EEYEU,B004G6002M,5.0
A32O5FZH994CNY,B0016BVKAQ,5.0
ABDR6IJ93HFIO,B000VX6XL6,5.0
A1VUN4JU731CBH,B0006VJ7TI,5.0
ARX0KOX5Q01BJ,B007VGGFZU,5.0
A1QOIHVQC5XWCJ,B003B3P29W,4.0
A2KHG3JOFXQ4CE,B003VAK1I2,4.0
A3NHUQ33CFH3VM,B004X8R7VA,5.0
A2HKUM9OEBQKDW,B004IZN3K2,5.0
A2MJ8OL2FYN7CW,B00I2N6NVC,5.0
A2GYV87WW0DMSN,B003ELYQGG,5.0
AFQBS241UKPAZ,B005C95MRA,4.0
A141OPVE376YFI,B004Q3R9AQ,5.0
A1YEPFLLH42OU1,B0007Z1M50,5.0
A2SNE4QQGVP13U,B005869A16,4.0
A20DZX38KRBIT8,B00G0OYHCW,4.0
A1V3TRGWOMA8LC,B00EZ9XKCM,5.0
A19HKRB4LU5YR,B002TLSOG0,4.0
A7UPJYPAH73NC,B00BSEV682,4.0
A39137LW12KK7B,B000VZCEUI,4.0
A3CJOB7CHOSZUG,B001KB21KA,5.0
A1V4A5U5O3TMMD,B0027UVTQA,1.0
A36A1ZYZH8568P,B00D4MFPLA,5.0
A3EXWV8FNSSFL6,B005MI8NHM,5.0
AWNJAY0M5UI70,B002RCNX8K,5.0
A1X3DA7C61WZLQ,B00004VX3T,3.0
AAXAKFQEAQPWC,B00155RGYM,5.0
A3J2YU2D9BH2J7,B00461E7JE,5.0
AHQRU3MRORIWQ,B0017HF3XO,4.0
A1MJMYLRTZ76ZX,B00008K4BD,5.0
A2QI2NTDTMK2FV,B00HWMPRKM,5.0
A2WC9NFLG57W4H,B001EYU8FI,5.0
ATS2855497V0I,B003Y74AX4,4.0
A203OCQQ12MAVT,B005DKZP6G,4.0
A25RTRAPQAJBDJ,B00BCA41PW,5.0
A226VGZWOEBPGL,B0034JLTNG,5.0
A32O5FZH994CNY,B007Y4TTWU,4.0
A5CDMTW6JKV5G,B003VVH8Y6,5.0
A2PREU4LOFQRB1,B005CT56F8,5.0
A10H24TDLK2VDP,B0038KLD50,4.0
AI8EMB0HUC6Z5,B000B60H0G,5.0
A3CKI6VEH0HBMJ,B005KG44V0,4.0
A36IHC0K68NS2,B002R5AM7C,4.0
A18S2VGUH9SCV5,B00A0JUNYY,5.0
A2BX8DDQGCCG2J,B004YDUZ22,5.0
A1G650TTTHEAL5,B009A68TMQ,5.0
A1OA2ZW406NQXM,B004VVLZN0,4.0
A38NHXL5257E3B,B00G2J2NZ8,5.0
A4WEZJOIZIV4U,B0053ORUS8,5.0
A1GYEGLX3P2Y7P,B0052L6Q78,4.0
ABMN74TBW5UWE,B009B0MZ8U,5.0
A33HIV8RXRDM88,B007PRHNHO,5.0
A19XMHRB3G4DIR,B001WYIJL0,5.0
A3OXHLG6DIBRW8,B000067S60,4.0
A2BIJMB2BITQUM,B008ZGKWQI,5.0
A3AGQAXTX6VRJ3,B00065ANYC,5.0
AAR7CEPXYJA0T,B00175VDY4,5.0
A328S9RN3U5M68,B007N4TVRE,5.0
A2ZFFSJ0VM6KSJ,B004AZ38Z0,5.0
AEJAGHLC675A7,B00829THH8,5.0
A2UKE7GIVC7XFW,B003VAM32E,4.0
A1F9Z42CFF9IAY,B002PU9SQU,5.0
A1UNJ46NSB352E,B00DQZTJKI,4.0
A3J8A5L5AF5TX9,B005FYNSPK,4.0
A1L5TA5UQF7EWE,B003RRY8ZG,1.0
A1RPTVW5VEOSI,B0082E9K7U,4.0
ACQYIC13JXAOI,B002R5AM7C,4.0
A3HQAPXAJV7PRX,B0035JEL6C,5.0
ADKZOXAOV8EXD,B000L47AHG,5.0
A37IRE9GZ0CZ7I,B00E1HIVG8,4.0
A3NG7X4APIV649,B004YLCBRG,5.0
A2ALRZ0ENQLYY5,B000P8X65S,5.0
A3AYSYSLHU26U9,B00E2QY89W,5.0
A3CG93783LP0FO,B00EI9LGFM,4.0
A2NB2E5DXE319Z,B00HGLOQ24,5.0
AFR9GYKAHM37U,B00CMQTVK0,3.0
A22S7D0LP8GRDH,B0079TOEQQ,5.0
A6XLG77BC9R8R,B002HK5AW4,5.0
A2QNS95WGN35G9,B0040702HU,4.0
A215WH6RUDUCMP,B00480OTHI,5.0
A35X2JJI49OBZP,B005EM6IAA,4.0
A2RU4U1JZ3DMP5,B001GCU0MY,4.0
A22NKFOH9RATRC,B007RMAS1K,5.0
A32O5FZH994CNY,B005DIH1IS,4.0
A3CG93783LP0FO,B00G4V0QSK,4.0
AGXV8E7XK9J6H,B004CLYEA0,4.0
A3BKNXX8QFIXIV,B00EUFP39E,4.0
AT6CZDCP4TRGA,B0002ZLYYY,1.0
A1MRPX3RM48T2I,B001TH7GSW,5.0
A2AY4YUOX2N1BQ,B0013LRLUM,5.0
A11ULAZ4B5ZXC8,B000J1H4VI,5.0
A3OYO7B6SS7QLH,B0068MSGZA,4.0
A2RN2AO4BE6F4K,B0001GRTK2,5.0
A1ZBEIL78MLR9Z,B004TS2AP2,5.0
A33YZNZIRA3H97,B002VPE1Z2,4.0
APOGXH3A74CM3,B005IHAIDO,4.0
A23GFTVIETX7DS,B0078AFGW2,5.0
A8X478DM3KAWM,B0093H4VSS,5.0
A1AH8033GWKBY7,B003LNZ1L6,5.0
A2X695AM08AIN1,B00DBX371C,5.0
A1NGFGBX2VCQS8,B007PJ4PKK,5.0
A2BMZRO0H7TFCS,B00834SJSK,3.0
A1901NTE8LFJF6,B0051G5SBY,4.0
A27T4RQ3XA661C,B003HIXOOG,5.0
A14NA0W8ESGDSI,B00127VF68,4.0
A24ARANWS5E3T8,B002QEBMAK,4.0
A1Z16630QMH8Q6,B00354MVP0,5.0
A1R19YYR5OR26T,B005DKZTMG,5.0
A2IFGGXG3YV3Y6,B008X9Z7N0,5.0
A3TBMAWIIHKHFN,B000HZDF8W,2.0
A35IX2GE0VC0JP,B001HMVAWC,2.0
A2XCCN239AR1XK,B007NSR0AK,5.0
AR3EVUQF0AC7R,B0096W1P6G,4.0
A2SGAJWXG65464,B003GAEW6Y,5.0
A1PN2U0AWXGVML,B003XIJ3MW,5.0
A2MOD50IHEDH3G,B000N99BBC,5.0
AZMY6E8B52L2T,B003B41XYO,5.0
A25UZ7MA72SMKM,B006ZH0KVG,5.0
A1R377IPZOKLMM,B00752QXZ2,4.0
A2UOHALGF2X77Q,B00AQRUW4Q,5.0
A17UNMURMLX0ZE,B006ZGB58Y,5.0
A1VUN4JU731CBH,B004HW7KDC,3.0
A23GFTVIETX7DS,B004I5FL1G,4.0
A26877IWJGISYM,B0082821YK,4.0
A1Z4GII5CHCDG7,B0077CR5RK,5.0
A1L5TA5UQF7EWE,B00479SVBU,4.0
A2DKQQIZ793AV5,B000CKVOOY,5.0
A3LDPF5FMB782Z,B0015DNIOG,4.0
A3O5ASFUXC32UA,B001CZFJJO,2.0
A25C2M3QF9G7OQ,B0041D8G4O,5.0
A680RUE1FDO8B,B001L1H0SC,5.0
A3S5WYWYKSAI9C,B005FPT56K,4.0
A21Q9JVG4SII51,B003MTTJOY,5.0
A13WOT3RSXKRD5,B000N2OBWS,1.0
A1X1CEGHTHMBL1,B007JPVT8G,4.0
A10Y058K7B96C6,B008DWCRQW,5.0
A5KMMY627T3W,B004ZP74IM,5.0
A1RPTVW5VEOSI,B003656Q7C,5.0
A2KYRPDKVBI2R4,B008LTBITY,5.0
A3FPSY1M6G7XIB,B000V1MLBE,5.0
A1CMWB7AWQUQH4,B006GWO5WK,4.0
A247L282PID4PE,B001F7AHOG,5.0
A2X695AM08AIN1,B005UBNGY6,4.0
A4WEZJOIZIV4U,B00CKAOJA0,5.0
AN81JUYW2SL24,B00BP5MB56,5.0
AG0PM9IAHQ06C,B004GZRE1S,5.0
A1OA2ZW406NQXM,B004J8HWHI,5.0
A3NG7X4APIV649,B009VL9YGU,3.0
A22I55P15NSAOX,B00COF7DGS,5.0
A2UOHALGF2X77Q,B000IN09C8,5.0
A2TVJ0YDW3QO63,B004X5EP86,5.0
A3F3B1JPACN215,B002FU5QLQ,5.0
A1CMD08Z49PGKQ,B00GJFGDUQ,5.0
A33GNK4YENACDJ,B003Y30334,5.0
A34CSXOGVYF94S,B00D1QC50S,5.0
A16RI68PS6T5CA,B0016O8HP4,3.0
A38Z6QG6988WS7,B001TH7GSW,5.0
ABQWMANK4AR63,B005EOWBHC,4.0
A250AXLRBVYKB4,B0001D3K8A,5.0
A20951I210L0IB,B0097252UK,4.0
AYOMAHLWRQHUG,B004Q3R9B0,5.0
A33XMCG1UFDSY2,B001FA1NK0,5.0
A3EX8ZFNVDHGPM,B001TH7GVY,5.0
AP53MVRC8ZEW2,B0036WS4D4,5.0
A2NXRD80LWHUOP,B001XHBNN2,3.0
AGVWTYW0ULXHT,B000EWHEM6,4.0
AJX9A4Q19UTJU,B004TS2AP2,5.0
A2ZFBTGPDP6PH6,B006Y0YZZ6,5.0
A2NSXY5L42ZUGO,B002LTWDSK,5.0
A25C2M3QF9G7OQ,B006GWO5WK,5.0
A1QLQCJVGCQPP0,B00AJHDZSI,4.0
A1ZU55TM45Y2R8,B001T9NUJE,5.0
A2TRXEZYU9GYY8,B002K0TU2C,5.0
A3R4794K2RVU1S,B002KETE24,5.0
A3QRR8PSCBI07C,B003PJ6QVU,5.0
A2HMF8ZR67BNZS,B0057UUB1G,5.0
A3Q4TYJVAM4IRM,B002I3OZB2,5.0
AHF4I1FSIHABC,B0015C30J0,5.0
A2UWPPU5GZLMQZ,B003ZBZ64Q,5.0
A3FOSLM5G1BO63,B007XDFNB8,4.0
A2WW57XX2UVLM6,B003VAGXWK,5.0
A3SOJO7Z7R9WIA,B006TT91TW,5.0
AXU3VKZE848IY,B002V8C3W2,5.0
A3QQCEQ33O0GJU,B004MU8VCS,4.0
A11T807LX2EF00,B00E98O7GC,5.0
A1CMD08Z49PGKQ,B001GTT0VO,5.0
A2UEB48LAWFUCW,B005TDWSJ4,4.0
A2I357I10ZY7CI,B00B8L36A6,5.0
A386LG0LRWKJZP,B002QEBMAK,2.0
A1UQBFCERIP7VJ,B007BY0MIS,4.0
AETQIN7OH0RL9,B00017LSPI,4.0
A39K52QDP4C3ZS,B000JE7GPY,5.0
A30JPZ9TZ7I61U,B009NHWVIA,5.0
A3UKWQS8SRW6IO,B000X1TS54,5.0
A3MU9G6YWKTGTA,B000J01I1G,4.0
A3MQAQT8C6D1I7,B000N99BBC,5.0
A3QU3O79AGNWCY,B00093IIRA,5.0
A2NYK9KWFMJV4Y,B00J5DS8NE,5.0
AW68KVDV7BBRS,B001BTCSI6,5.0
A1Z16630QMH8Q6,B002FFT8Z6,5.0
AQIJ3ZEEVCIKU,B004I43F9C,5.0
A1U5IJHJK84S54,B00006I5J7,5.0
A54S9CIUV5VNB,B004WO8HQ4,4.0
AMO1MLSIJSQOF,B003YCOL56,5.0
A3VBZDYGHF4NK8,B001CK9760,4.0
A28UMA3GW9L124,B001GX6MJ8,3.0
A2JAEZ0FMAMJVW,B004CLYEH8,5.0
A2LXX47A0KMJVX,B001U0O5QO,4.0
A3A4ZAIBQWKOZS,B0012Y6HC8,5.0
A3KCKECEO3E2AN,B002FB684E,4.0
A15T9G38F589KM,B00834SJNA,5.0
A1ODOGXEYECQQ8,B0018VDADE,4.0
A2I6GN7OHB9JKF,B009F7EQPY,1.0
A17HMM1M7T9PJ1,B000CSOXTO,3.0
A2XRMQA6PJ5ZJ8,B000EY5F5C,5.0
A1R377IPZOKLMM,B002TOJXNU,4.0
A2UQK3DAZ8NO2T,B000EXT5AY,4.0
A3OXHLG6DIBRW8,B002U0KGEI,5.0
A3R19YKNL641X3,B00ARB5FLQ,4.0
AUCIFMWP3DU8R,B00ISIG690,4.0
AYGEKID3G7DPW,B004K1EZDS,4.0
A2OOLI2WFY4L2,B005GTO07O,4.0
A357B3PUHSVQA,B00FJWKYYG,5.0
A3EM243NDJ4DF3,B00JIJUC0M,5.0
AQSV34W54L0VO,B008KEPWMY,5.0
AWHL379EE14K7,B006JH8T3S,5.0
A2UWPPU5GZLMQZ,B00BF9MUAS,5.0
A3OIMUR42XIOFQ,B001QTXL82,5.0
A2503LT8PZIHAD,B004CLYJ1Y,3.0
A2XIOXRRYX0KZY,B00E0EY7Z6,5.0
AL1XV4L25FZ2S,B002HU629E,1.0
A3GQY0TFRG0MPZ,B004W2T2TM,5.0
A1YEPFLLH42OU1,B003AJXUTQ,5.0
A3BACUOZV1M0WM,B000AZ57M6,5.0
ABMN74TBW5UWE,B001F8SCRE,4.0
A3R19YKNL641X3,B00BSED7S4,5.0
A33XMCG1UFDSY2,B001T9CTRS,5.0
A3KZEGBTPH6MMF,B005A2RLXC,4.0
A21Q9JVG4SII51,B009VV56TY,5.0
A35X2JJI49OBZP,B003YL412A,5.0
A1NGFGBX2VCQS8,B008HK50ZA,4.0
A2Z9S2RQD542CP,B004J3V90Y,5.0
A3S5EXYZDEBF3K,B0020HR7DE,5.0
A13QOK3SKIT9QL,B0041Q38NU,4.0
A1H7Y5XKPGT0OS,B00CF7E0R0,4.0
A23GFTVIETX7DS,B0093AN1OA,5.0
ADLVFFE4VBT8,B004CLYEI2,5.0
A25QJBK33C4O0R,B00BD7UXT2,4.0
AD9ZL63H0VKCZ,B003CK10DG,5.0
AP53MVRC8ZEW2,B000UHQVOW,5.0
A105TOJ6LTVMBG,B001MX5YWI,5.0
A16QODENBJVUI1,B00GO4GMAI,5.0
A3CJ7MHAS9IMAM,B00006JN3G,5.0
AHS6PX6H22WW1,B007RFW1NA,4.0
A1KY5G5FP31F2F,B000LRMS66,1.0
A3IK2VCQ007CJ,B0043D2ICS,5.0
A2KOV8XWZOZ0FQ,B002KC55OM,2.0
AVFJ327UXPXLF,B0017U87TS,3.0
A1S27P7KJO9I96,B00F3F0EIU,4.0
A357B3PUHSVQA,B0035JJJQY,2.0
A3UKWQS8SRW6IO,B009F7IBZK,5.0
A6FIAB28IS79,B002C7481G,5.0
A1MZL91Z44RN06,B0002J2P2A,5.0
A3UR2N0ATGBCU8,B005GCSZD6,5.0
AY6A8KPYCE6B0,B00DQZPCTA,3.0
A4IL0CLL27Q33,B0021Y73W6,3.0
A2POXR5VS3PHKR,B003NS0UUQ,5.0
AMZCZBK1EF1PV,B000I1YIDQ,5.0
A3T4OHEAHOJ700,B00ER1PDE6,4.0
A2BYV7S1QP2YIG,B000KO0GY6,4.0
AGOH8N902URMW,B00486TLQ6,4.0
A4GHPW9AAH1NY,B000EUFJXE,5.0
A2JMJVNTBL7K7E,B007FPIQ72,4.0
A13EQE9EY2ET93,B00FR6VL50,4.0
A2JAEZ0FMAMJVW,B00F9VROO0,4.0
A1CMD08Z49PGKQ,B00IP8IBYG,5.0
A1URXSRV6WDHVY,B003GALRIA,5.0
A1UQBFCERIP7VJ,B008X9Z6EA,4.0
AG0PM9IAHQ06C,B0040RDT0M,5.0
A2Z1R98M2XOCEJ,B00829TIEK,5.0
A6XLG77BC9R8R,B001N9X4CS,5.0
ACJT8MUC0LRF0,B00FECNPTM,5.0
A3V2EZ6MA32FF6,B008I21EA2,5.0
A3JV071KO43Q5X,B004T9RR6I,1.0
A1O229NVVDJUX2,B004J3VAYO,4.0
A2NOIWPJDD7WIQ,B006OBGEHW,3.0
AAEVGE52KL0DJ,B0038W0K2K,5.0
A13BX9O5UDBILC,B003MVZ60S,5.0
A1T9MILRRZ00F8,B000UY1MB2,3.0
A2BX8DDQGCCG2J,B0011U65F2,5.0
A2HKUM9OEBQKDW,B005C6CVAE,4.0
ATZJNEXX7LWD3,B005H7MXVA,3.0
A15U64VGUV6RBF,B001EZYMF4,5.0
A2IT7S59GSASN7,B0019RBJOE,5.0
A14Z6D3IRJ23F7,B0031ESKJA,5.0
A3TBMAWIIHKHFN,B002HJ9PTO,5.0
A2XHOLOLKGV1FE,B002QAUN2M,5.0
ADLVFFE4VBT8,B005IMFX2K,5.0
A2V0I904FH7ABY,B003L1ZYZ6,5.0
A20DDH4NT6Q1E8,B003M0NURK,5.0
A145B8OHVNNFAJ,B0044779G8,3.0
A3FEGTOLCWXSV4,B00A7PPLP2,5.0
AW5JSQCHC2ZJO,B0097BEDOC,5.0
A38C12950IM24P,B0096YOQRY,5.0
A2BLFCOPSMBOZ9,B00CKAQZTS,5.0
A3EXWV8FNSSFL6,B007OY5V68,3.0
A27QXQQOLAMRRR,B001TUYTZM,5.0
A2I18AO597DSDI,B00E8CF0CE,4.0
A3R4794K2RVU1S,B00834SJSK,5.0
A2A4X545ERLS7H,B00CPGYNV4,5.0
ARBKYIVNYWK3C,B009NHAEXE,4.0
A20DDH4NT6Q1E8,B003W9B4H4,4.0
A2Y3WWPUKIJ59I,B0002L5R78,5.0
A1VQHH85U7PX0,B00008VF63,5.0
A1Z7U9K6X3FEOU,B002FYL7PG,4.0
A3S5WYWYKSAI9C,B00B7Y7HF4,4.0
A3FBM0RMCMAABV,B008DWCRQW,4.0
A1RDHBBZE1NPS3,B00AEKEA48,4.0
ADLVFFE4VBT8,B00834SJSK,5.0
A25FL6VLD7S23S,B00D5T3QK4,5.0
AWH2AY17ZU7W2,B003RRFWRY,5.0
A3V7D0LH8L7BG0,B0041Q38NU,5.0
A2Z9S2RQD542CP,B00007E7JU,4.0
A7FDGFK0KN7QG,B0042X9LC4,5.0
A257X1MQJO82P2,B0012IJYZQ,5.0
A1ZCSSCAGBCD49,B00BUJBHGG,5.0
A11R5VW7IM6ISQ,B00372YKMM,4.0
A35Q0RBM3YNQNF,B000FBK3QK,5.0
A1UQUDT2Q0YENM,B0034CL2ZI,5.0
A24P4E3RJ6AX94,B00D50UNRM,5.0
A1SB9BNNGKNX2Z,B000HPV3RW,5.0
A3QX0ERX4D03TF,B003ZX871I,4.0
A14JBDSWKPKTZA,B004ROOCO0,4.0
A319Y83RT0MRVR,B004N62I0C,5.0
A2I6GN7OHB9JKF,B003NS0UUQ,1.0
A2LFWJ8X817QGX,B0071NWYP8,4.0
AGFSSC5DBY2HU,B005HY4UG4,4.0
A20DZX38KRBIT8,B000VR3P9K,1.0
A259MPG6SOL02P,B001IEXU68,5.0
A17UNMURMLX0ZE,B0064XAIZY,4.0
AGFSSC5DBY2HU,B003FMVCRU,3.0
A1CSRR7FCKBL9M,B000I68BD4,3.0
A1ZVFCPHCWFV71,B00B3329WA,5.0
ARX0KOX5Q01BJ,B0044IOGG8,1.0
A2FRKEXDXDN1KI,B00DDQ4AZY,5.0
A3BVN2QBNPBHCR,B005TDWVQY,5.0
A2JAEZ0FMAMJVW,B009KPMPRW,4.0
A16RI68PS6T5CA,B0067WUSGQ,5.0
AWH2AY17ZU7W2,B00004ZCJE,3.0
A2SL5IW096Z2BL,B00004SB92,4.0
A11ED8O95W2103,B00006JQ06,3.0
AV9PIER7NE448,B006TT91TW,4.0
A17BUUBOU0598B,B009WZRCO6,3.0
A1QNYLBG73QRNF,B00HFRWWAM,4.0
A27H0T39U3FZB5,B005MI8NHM,2.0
ADPKRJ2BSFJ0I,B009B0MZ1M,4.0
ABDR6IJ93HFIO,B003WUBIZQ,4.0
A3QNQQKJTL76H0,B000O8WE66,4.0
A11ED8O95W2103,B000EMWBV0,5.0
A2ULZRSHXS3HL7,B005FQSXFI,4.0
AX7317G153T8W,B002O3W2OI,4.0
A2TVH2OBNXYXHV,B002TOJXLW,5.0
A3D822N1K2IAQD,B002SZEOLG,5.0
A20H1M28WLI9J2,B0002L5R78,5.0
A3QMJMTLJC34QC,B005ELBSWO,5.0
A1VRANSQ0WF1YS,B0000AZK4G,5.0
A3PDWA32BAMB2Y,B004W2JKWG,5.0
A3IRA0BHI9NE9U,B0018O9JIG,5.0
A3CEUT263RNUDO,B00COF7DGS,5.0
A3HSDV9Y0TV5Z2,B009SK57IS,5.0
AS2II0671KT2C,B008R6OPJQ,5.0
AGGAQLXPVGM5D,B004GK0GKO,3.0
A2PSC7LUNIDEAH,B001NJ0WCS,5.0
ASFP250F22MDZ,B003YKG2XM,4.0
A9LNWA25IM2DX,B001L2IKYE,4.0
A3TP31S61PPE3G,B0048IATQ0,5.0
AN81JUYW2SL24,B0097CZHAU,5.0
A23GFTVIETX7DS,B002C7481G,3.0
A23ZXHFLC6TBLD,B003N8GVUY,5.0
A3AYSYSLHU26U9,B002VPE1Q6,5.0
A186697K4XKXQL,B00AQUO5RI,5.0
A30C8WHQ2CYFO4,B0055N2L22,5.0
A3T8WOFS5RD2IR,B009SS0FZK,5.0
A3MFORLOKIOEQY,B004L9M4C8,5.0
A1OA2ZW406NQXM,B0089L4TL8,4.0
A27GITTN6AVW5I,B00B99JU5M,5.0
A209G57KXCBF4C,B005X64OT4,4.0
AKBVYIIHWI04B,B002MAPRYU,5.0
A6FIAB28IS79,B000R9AAJA,4.0
A2OOXVZ6B1VZ9A,B00026BQJ6,4.0
A2BLFCOPSMBOZ9,B001TH7GSW,5.0
ADLVFFE4VBT8,B009QV72VY,4.0
A26EQ8U96JA92T,B001PIBE8I,5.0
A3V7D0LH8L7BG0,B00JKM0EQE,3.0
A1GBU479WXR7UG,B000OTF6G0,5.0
A15QYHQH80W30L,B00007E89K,5.0
A3EFSLEMHNPP6A,B000204SWE,5.0
AG8YP2XTC5X1I,B005ARQV6U,4.0
A361U4SXK7FCQE,B00HGLOQ24,4.0
A296QED1MV1V0J,B0033AF5WW,4.0
A2WB7LZ595CR50,B003YL412A,4.0
A3NOBH42C7UI5M,B00008W2LC,4.0
A18U49406IPPIJ,B00EZL1IQA,5.0
A1BXVZSQOJE6UE,B004CZ9U96,3.0
A1EKSETIBS9ETQ,B00BGA9WK2,4.0
A3IY316DRNF5F2,B001S0RUFY,5.0
ACH055GTTIGC9,B007QOX5A0,5.0
A1R76R4E6A8S3B,B006SVV6HG,5.0
AO2EURP2Y4JZM,B004YIFP9K,3.0
A2UOHALGF2X77Q,B0007XXU3E,5.0
AG2YXYIQ8TLTA,B005QUQP6W,4.0
AVPNQUVZWMDSX,B00JZM7TKI,5.0
A1URXSRV6WDHVY,B001TH7GT6,5.0
AKT8TGIT6VVZ5,B0007Y794O,5.0
A3R19YKNL641X3,B00HR7FWUC,5.0
AT53ZTTO707MB,B00EQD5ZS4,5.0
A2D1ZQEFS1NBH2,B003CGMQ38,4.0
A2BYV7S1QP2YIG,B009DMFOVG,5.0
A1ZBEIL78MLR9Z,B003TXRTNG,5.0
A2Q204DY2L7YRP,B001F7AJKI,4.0
AUUV3XDYB16X5,B0079M711S,5.0
A1W415JP5WEAJK,B005NGQWL2,5.0
A209G57KXCBF4C,B00829TIEK,5.0
A2NB2E5DXE319Z,B0012MI7N2,5.0
A36IHC0K68NS2,B004VVLZN0,3.0
A24ARANWS5E3T8,B006DKEQL0,5.0
ATFBVUXDIRXT6,B00BLZDKZ0,5.0
ARC5ASW9CUAGP,B007WTAJTO,5.0
A1YEPFLLH42OU1,B00884WH74,4.0
AVBLGXSWRN666,B009CNHZKO,3.0
A1ROUMJOGO4QMB,B005IVUWHW,4.0
A3D2VIUT2HWP0Z,B002SZEOLG,5.0
AWPODHOB4GFWL,B00B7X2OW6,5.0
AR6APXLK7TJU2,B00BVQXG1W,4.0
A1Z16630QMH8Q6,B003WVFAO0,5.0
A3IY316DRNF5F2,B00009R6K7,5.0
AKSQNMIKOU01H,B004XY65WQ,4.0
A1ZCSSCAGBCD49,B00EZ9XKCM,4.0
A386LG0LRWKJZP,B0026ZPFCK,2.0
A6XDZ1MJ0B1A2,B002LITI8E,2.0
AIFLY2HF8NS8U,B008HU9R7W,5.0
AOMEH9W6LHC4S,B003MVZ60I,5.0
A1KI7YHQEOS1RB,B000V0ETA6,5.0
AYOMAHLWRQHUG,B002IC0YLS,3.0
A1U11IP6K6NHAK,B00BB72WX4,5.0
A2V7EO331SFUF6,B000MMWT9Q,2.0
AIBRTGBN07D6A,B00DJ6AGBU,5.0
A18FLOC8YQY0P8,B004HYFX0C,4.0
A2TN0U8173HM7A,B003FVVMS0,5.0
A2V0I904FH7ABY,B00ATM1MVU,3.0
ARBKYIVNYWK3C,B000068MP2,4.0
A1LHMSY3Q46PJS,B004OF9XGO,2.0
AP53MVRC8ZEW2,B007SZ0EHE,5.0
A2BMZRO0H7TFCS,B005KG44V0,4.0
A353U0L2HAMSHV,B0039BPG4M,4.0
A3A15L96IYUO6V,B008RVJJZG,4.0
A1OES7R7FDAT2L,B002BH3Z8E,4.0
AAA0TUKS5VBSA,B00DW374W4,4.0
A3SX5MZTCZRQLF,B009APBY0G,5.0
A1GWG5CWLKJ7ET,B00ISRUFSY,5.0
A3EM243NDJ4DF3,B00AWRPIWQ,5.0
A2CPP7BZKOF9TP,B001B077PO,3.0
A9J4UURM4OSDW,B000RZNI4S,4.0
A3872Y2XH0YDX1,B0024G48VA,5.0
APOGXH3A74CM3,B00HFRWWAM,5.0
A2W9GX82SLKROQ,B005QX7KYU,3.0
ATDE9JYCPI0L1,B00029U1DK,5.0
A2Y3WWPUKIJ59I,B000XQDTRW,4.0
A2QI2NTDTMK2FV,B00IVPU786,5.0
A38NELQT98S4H8,B005A0B3FG,4.0
A4S2WAQVQR6PI,B001F7AJKI,5.0
A2BIJMB2BITQUM,B000652M6Y,4.0
A3MUSWDCTZINQZ,B008X9ZBAE,4.0
AG6TX1ZJHLMO7,B006MB9AEI,5.0
AMVXR3NPL0GWX,B0096PVLL2,1.0
A2WC9NFLG57W4H,B0034CL2ZI,3.0
A1NGFGBX2VCQS8,B008AT6BMY,4.0
A35X2JJI49OBZP,B0017JY5FE,5.0
A2JAEZ0FMAMJVW,B00966PFHW,5.0
A2NVQZ4Y7Y0J1R,B003ES5ZUU,5.0
A3T4OHEAHOJ700,B0011Z2402,5.0
A20DZX38KRBIT8,B000A6PPOK,5.0
A2NSXY5L42ZUGO,B007BJHETS,5.0
A2VH0UT5EQFB6P,B004CLYEE6,5.0
AR3EVUQF0AC7R,B00GRNUO2I,5.0
A1AWL9JASMG904,B00825BZUY,4.0
A1URXSRV6WDHVY,B00119T6NQ,5.0
A3V7D0LH8L7BG0,B00AQDG7Q2,5.0
AQ3IN3MRXQ5KH,B0030MITDK,4.0
A2L90SGUP36KGA,B00AVBDGHM,4.0
A3TBMAWIIHKHFN,B00004ZCJE,5.0
A10AFVU66A79Y1,B00E98O7GC,5.0
A33YZNZIRA3H97,B004L9MBH6,5.0
A2WF58BAWLVI95,B002DPUUKK,3.0
A3OIMUR42XIOFQ,B005UA3I72,5.0
A1U5IJHJK84S54,B005DIBHA6,4.0
A25RTRAPQAJBDJ,B003PL0AME,4.0
A1H4IVXNXWWBLV,B003ZX8B0U,5.0
A25C2M3QF9G7OQ,B008F05Q2E,5.0
A1LD5SE8IZ1H70,B001TVAU0E,5.0
A3MFORLOKIOEQY,B003UDCPEI,5.0
AKCZIJ6ZHE41D,B008O2HWCU,4.0
A1MFPAM9TTRTXN,B003WGJYCY,5.0
A4WEZJOIZIV4U,B00FLZ2F5W,4.0
ALQ4USPEQ9L5N,B005INACOS,4.0
A4GGT6O0GQNV2,B007Q45EF4,5.0
A3NHUQ33CFH3VM,B00DQZNWNI,3.0
A2DXENZNO2JT4F,B00BYRPM9M,5.0
AMVXR3NPL0GWX,B00275XTSQ,4.0
A1T1YSCDW0PD25,B009BZX340,5.0
A2WB7LZ595CR50,B007471PZQ,4.0
A2WC9NFLG57W4H,B003HIXP9K,4.0
A2OOLI2WFY4L2,B005KQ0S8S,4.0
A2WCFDOCS73PNB,B007C8GMPU,3.0
A3D5B2CBFNJB0K,B00E9646MY,5.0
A1ODOGXEYECQQ8,B00C4034IE,4.0
A3LGT6UZL99IW1,B004WO8HQ4,5.0
A204K1OFE8OB9Y,B000FBK3QK,5.0
A2V5M5EJPOD2IU,B004HO58SO,5.0
A18S2VGUH9SCV5,B004UHWZDY,4.0
A1S27P7KJO9I96,B005M1777G,5.0
A1J75JJ0Q2OEJN,B00BQ5RY1G,3.0
A240FRPD4MEXND,B000NWIOM6,2.0
A3T7V207KRDE2O,B00829TIEK,3.0
A18YMFFJW974QS,B00HK5B3PO,4.0
A2JE071UW97J2A,B004OR14HI,5.0
A15TABNGK6L4N3,B000UWX70S,5.0
AG6TX1ZJHLMO7,B0054QNL38,3.0
A1T7EHCMZ92TKC,B002R5AM7C,3.0
AAA0TUKS5VBSA,B002UOR17Y,5.0
AHR86ZEYETLJI,B00CGUMR2Q,5.0
A3W4D8XOGLWUN5,B003M0NURK,4.0
A2SH7OWE8QJYNC,B00008W2LC,4.0
A3775OP5VTX5ON,B0001DBEM4,4.0
A2FZQF0MH29VYN,B004NBL9WK,4.0
AAK6SOEJY30YG,B0042A8CW2,4.0
A34CSXOGVYF94S,B003ZHV978,4.0
A32NEDX6UVV8DE,B00DQHZYRI,5.0
A2WYF4POBUXL2O,B002JCSV8U,5.0
A1ODOGXEYECQQ8,B00A35WYBA,5.0
A3S0EHEIR52HP1,B0012S4APK,5.0
A2F2GLVFRNV7JJ,B0074BW614,4.0
A6VXZ1EEPRTLV,B000NP3DJW,4.0
A3IJ4Z18FTIIP,B00429N18S,4.0
A1LA4K5JF78BER,B005TDWU24,3.0
ABMF4UC4Z00NT,B000233WJ6,5.0
A3NGOG8Z78AZSD,B004SCSV2U,5.0
A3QRR8PSCBI07C,B001J8BPYM,5.0
A2X8KN82L07RSK,B0088CJT4U,4.0
A38KK0SZYEH5UD,B002M78E9S,4.0
A32O5FZH994CNY,B000O161X0,5.0
A3LZA698SQPCXE,B00BAM2PJQ,5.0
A3U6J0DLLDEWM2,B00DDK1QUC,4.0
A1LYMYNURB9EWW,B001EZ0K82,5.0
A1PV5T5S4D5NPI,B004S5CCP4,5.0
A3HRDRQ5VAFPQS,B00126V8WU,5.0
A6FIAB28IS79,B007I5JT4S,5.0
A3CW0ZLUO5X2B1,B0093HAWZY,2.0
A23QII83UGZP5U,B007KTQU5I,4.0
A1RPTVW5VEOSI,B00829TIEK,4.0
A3LPL35P7FH78Y,B002ZV51DI,5.0
A14JBDSWKPKTZA,B000E0I9K4,5.0
AT6CZDCP4TRGA,B003FG7IG0,5.0
A196JN53PG0C7R,B000F7JCRA,5.0
A2AY4YUOX2N1BQ,B0038U9JOM,4.0
A3V7D0LH8L7BG0,B0092U3TKC,4.0
A1NAA1R38JSNHV,B000EYRLXQ,5.0
AW5JSQCHC2ZJO,B003YKG2YQ,2.0
A19W47CXJJP1MI,B0025ZH43O,5.0
A1PM7HH4F77NEH,B003FVJYF8,5.0
A14X244VGHWPSX,B004CLYJ1O,5.0
A1GBT4UN2RW7XY,B000QY9KIS,4.0
A2J7FHZFKOKGZ6,B003OC6LWM,5.0
A1J87SYB3JPQWH,B000I04WWY,5.0
A386LG0LRWKJZP,B001XURP7W,2.0
A34BZM6S9L7QI4,B00CD1FB26,5.0
A2RWHTNM5P3I8Y,B004EPV7TK,3.0
A34BZM6S9L7QI4,B0042X93B8,5.0
A1OA2ZW406NQXM,B002W1WHGU,5.0
A1OMXVXXP07F05,B00EMB4LU8,3.0
A3NKRH3TJ4DPVI,B004YAYM06,5.0
A17BUUBOU0598B,B0025VKUPW,3.0
A3LZA698SQPCXE,B00D65AJ0C,5.0
A5JLAU2ARJ0BO,B007WVA2PI,3.0
A3FEGTOLCWXSV4,B00829THK0,5.0
A2IT7S59GSASN7,B002LAS1DU,5.0
A18HE80910BTZI,B000IV413S,5.0
A3LDPF5FMB782Z,B0030LO5CU,4.0
A1OGCPMSIVK7G4,B00DR0PDNE,3.0
A215IN14OKAE2T,B0013LQD7Y,5.0
A1FDSZISWIXH1A,B00HNJWSH4,5.0
A3TBMAWIIHKHFN,B000BI7NHY,3.0
AIJQU979J6UFY,B0000BVYTV,4.0
A2V0I904FH7ABY,B0049MOAHE,5.0
A2BLFCOPSMBOZ9,B004SBBD8U,5.0
AY3D7DG5L5WCK,B003YKG2W8,5.0
AKSQNMIKOU01H,B0079M711S,5.0
A1WXG10FJ353K0,B004N625C8,5.0
AW68KVDV7BBRS,B0050YG3CU,5.0
ACHTDPEQYSEQL,B00009R6WL,3.0
A2W9GX82SLKROQ,B004R739LE,3.0
A1Y85GQ09Y95JL,B0092KRAVQ,5.0
A1ZM846Y7AUYD,B0011FQUQG,4.0
AMUP8DYE7EAN2,B004JMZPJG,3.0
A1BT6TL7UCIC5Y,B001R23JMQ,5.0
A1YE1IK0JYSIIE,B00D18U63O,5.0
A11OTLEDSW8ZXD,B00884WH74,4.0
A10Y058K7B96C6,B00JC5Y6WM,4.0
A3N4I2KRSMACW8,B00CALLZK6,5.0
A2WLNSZ9U0T1S3,B007FPIQ0E,5.0
A1NGFGBX2VCQS8,B005GI19HY,3.0
A5JLAU2ARJ0BO,B0002LHSFW,5.0
AT8V3JOZD3KWK,B0042X9L6A,5.0
A1G650TTTHEAL5,B00G4UQ6U8,5.0
AG6TX1ZJHLMO7,B00ATM1M92,4.0
A25C2M3QF9G7OQ,B00CYX54C0,3.0
AR3EVUQF0AC7R,B00AW54Z7C,4.0
A1Y85GQ09Y95JL,B003XN24GY,1.0
A3TRY87JJCA5Y8,B002SIMPXM,5.0
AEZJTA4KDIWY8,B003VWY0VY,4.0
A23ZNGL704AW7O,B004CLYEE6,5.0
A3M7BCQKSQAK4L,B00EUFP39E,5.0
A20WUUD9EDWY4N,B00BI9X7UC,4.0
A14X244VGHWPSX,B00DR8LA60,4.0
A3D7BGK0P5QY0X,B0009ZBRS0,5.0
A2TRXEZYU9GYY8,B0047ZFHBG,5.0
A28X0LT2100RL1,B00BGGDVOO,5.0
A3M7R4PD0FEPUB,B0094V6104,5.0
A2EF8N7ZE7ONWX,B005HY4U5A,5.0
AEWYUPCNDV7HY,B002IC0YL8,4.0
A26BDXG9KVH7SU,B00HR7FWUC,4.0
ABQWMANK4AR63,B00AVST3GS,1.0
A25UZ7MA72SMKM,B006LW0W5Y,5.0
AQ2FC1DLKVD8H,B00006I53S,5.0
A1G5MI2KREPEIB,B008JGR9MO,2.0
A2W9GX82SLKROQ,B00ARB5FLQ,4.0
A2AF0NOCM71J0B,B005DKZTNK,5.0
A353U0L2HAMSHV,B001DVZXC0,5.0
AUCIFMWP3DU8R,B0076NA716,5.0
A2JXS1JII6SAUD,B003YL412A,4.0
A33SX0AD5PYD9B,B006GDTTM0,4.0
A1B4MIXYVIKMU2,B002M78L6E,3.0
A225G2TFM76GYX,B002VJJXGU,5.0
A3OXHLG6DIBRW8,B001ID829O,5.0
AU627A4UGIW6V,B008M9U3BM,5.0
A11LNPG39A2ZV4,B005KTIX50,5.0
AWPODHOB4GFWL,B001423GZO,5.0
ABVYGB2TKBO8F,B000292DO0,3.0
A2TMFC9O3ZCNKE,B00B9996LA,3.0
A35IX2GE0VC0JP,B00BPHH8MA,4.0
A23GFTVIETX7DS,B0030MITDK,5.0
A2POXR5VS3PHKR,B00BCGRX9M,5.0
A1EOTB1WHLSW6G,B005HMO6A6,4.0
A2WLNSZ9U0T1S3,B003XIJ566,5.0
A1EH2S92FHWZRP,B000EXRSVM,4.0
ADZF3QDGSZE7K,B002NO7PWC,5.0
A22MANL4US4RMY,B003EWNXFU,5.0
A9ELHLPXF7JKD,B007ULGT8Y,5.0
A15XI2BEGGFEOW,B00A0JUNWQ,5.0
AYB4ELCS5AM8P,B004R929AY,5.0
A1E1LEVQ9VQNK,B000WH6H1M,5.0
AYNAH993VDECT,B009LL9VDG,5.0
A3T7V207KRDE2O,B00A772036,5.0
A2L4ZGN7GZJ95T,B0042FZ50O,5.0
A186697K4XKXQL,B0058GK55Q,3.0
AGR1V15L6FLMA,B003ES5ZR8,5.0
A4D5B7Q8A7PA6,B00D96BMV8,5.0
AAA0TUKS5VBSA,B005ARQV6U,4.0
AL5CUWBFBMWYQ,B0038JE07O,4.0
A2GMZZ6TDYOHY7,B00475K64E,5.0
A2FRKEXDXDN1KI,B003VS9UP4,4.0
A225G2TFM76GYX,B000N99BBC,5.0
AN81JUYW2SL24,B002TOJXNU,4.0
A3R1WFO4KIUQXZ,B00CBQP718,4.0
A3R1WFO4KIUQXZ,B00G6CLNCK,4.0
A1GBT4UN2RW7XY,B004JWA70I,5.0
A3TBMAWIIHKHFN,B000065BPB,5.0
A2NOW4U7W3F7RI,B004JHVJ5A,5.0
A25C2M3QF9G7OQ,B0053T4PHC,5.0
A17RFKCYS69M3Y,B002SZEOLG,1.0
AELK0E5DK7LIZ,B00168BSEW,4.0
A3QU3O79AGNWCY,B003FMUP3M,5.0
A38KK0SZYEH5UD,B0080M3PCU,4.0
ABUE0ALHKWKHC,B003LPUWT0,5.0
A10AFVU66A79Y1,B001PKTR76,5.0
A3LGT6UZL99IW1,B0043T7FXE,1.0
A3U41ZL33SS92P,B00ALN54KM,2.0
A2ZRG5NOFZ47RK,B001UFYFYG,4.0
AMRMK86X3PKXD,B0044DEDC0,5.0
A2HKUM9OEBQKDW,B000VX6XL6,4.0
A1EH2S92FHWZRP,B0015AHRFK,4.0
A1LD5SE8IZ1H70,B00BB0ZSIC,5.0
A3DWO5RJDA430F,B000I1YIDQ,3.0
A3J8A5L5AF5TX9,B0047ZH0B6,5.0
AGEKVD8JPZQMT,B004BDOREC,4.0
A10ZFE6YE0UHW8,B005EWB3XW,3.0
A2GYV87WW0DMSN,B0009Y7APU,5.0
A21KNRUAA5RK5E,B004SKBJYE,5.0
A2NX6PABLIJLP1,B000M2GYF6,5.0
A2LFWJ8X817QGX,B009NHAF5G,5.0
A1NRMTQ5SZPZA,B0078K17WK,4.0
A3CG93783LP0FO,B005HY4U5A,3.0
AGLT3L7ALL4O4,B002VPE1QG,5.0
A37IRE9GZ0CZ7I,B001UEBN42,5.0
A9ELHLPXF7JKD,B00176BDD4,5.0
AGFSSC5DBY2HU,B002C1BHIO,3.0
AW68KVDV7BBRS,B002JCSV8U,5.0
A3284KYDZ00BZA,B0035JJJPU,3.0
A1G3DKT38DNZJP,B002A92OVM,3.0
A3BNMHRW2R35LK,B00DLKE7OQ,5.0
A3SP7T2PZ3HSDE,B00829TIA4,5.0
A32O5FZH994CNY,B005X9XVNQ,4.0
A10Y058K7B96C6,B00017LSPI,5.0
A2GOHNFBHUU3UI,B000CR78C4,5.0
A3A15L96IYUO6V,B00KNM763E,4.0
AHIK7BUXFRMT8,B006TT91TW,5.0
AFICF7DKHTQ87,B003DNYW5A,4.0
A3SRDVCD2ATIIS,B00E9QK2MW,5.0
A16SRDVPBXN69C,B00137NMMW,4.0
A1OA2ZW406NQXM,B0043M66X6,4.0
A3R19YKNL641X3,B00DR6DQZA,5.0
A11IXJ8M1JO296,B000A0CV9S,5.0
A3EXWV8FNSSFL6,B003I4FIKW,3.0
A1B8EJQU73YGL9,B006H06TVG,5.0
A17HMM1M7T9PJ1,B00G4UQ6U8,5.0
A1T1YSCDW0PD25,B004WYA852,2.0
A2NU9H8H5MJZSL,B000ETXOC8,2.0
A1J75JJ0Q2OEJN,B0088CJT4U,5.0
AT09WGFUM934H,B0011YZJPA,5.0
A2ZFFSJ0VM6KSJ,B005DOK8NW,5.0
A2PC9ZZIFV31B1,B004MS0DIK,3.0
A1WXG10FJ353K0,B00JC5Y6WM,5.0
A2J8T58Z4X15IO,B00004ZCJE,4.0
A14JBDSWKPKTZA,B00IX2VGFA,5.0
ABDR6IJ93HFIO,B006W8U2MU,5.0
A21INUA35HX4XQ,B004ZMVQRA,4.0
ANRS196NKFVUU,B0043T7FXE,5.0
AZAC8O310IK4E,B001AW8W7A,5.0
A3U029B8Z5WGI2,B0040702HU,4.0
A1MZL91Z44RN06,B004ZP74IW,5.0
A3PDWA32BAMB2Y,B0002Y5WZC,4.0
A1OMXVXXP07F05,B005J7YA4G,5.0
A28BX3MM90A6FI,B003F69JBW,5.0
A361M14PU2GUEG,B005Y8BYOE,3.0
A1SC5OXLQNGPLN,B002JCSV8A,5.0
AAA0TUKS5VBSA,B007M4Z60Q,4.0
AY3XPKRAMKKY7,B000BKJZ9Q,5.0
A2SKEQT0WTB954,B0075SUK14,4.0
A3MFORLOKIOEQY,B000JLP5UK,5.0
A1JBEKU5TYIWE7,B002RCLYXG,5.0
A1XEQGYY1IL8CD,B001L6LG5K,4.0
A1GBU479WXR7UG,B00727FE5U,5.0
A3E049PVKG7NDK,B007R9M6PO,5.0
ANW6EGY12V5XS,B005N8W1EW,3.0
A2ZWJVKITA32OV,B00DR0PDNE,3.0
ANRS196NKFVUU,B008GVETNE,5.0
A2IFGGXG3YV3Y6,B005BCCML2,4.0
A15QYHQH80W30L,B000HJPK2C,5.0
A16QODENBJVUI1,B00829TIA4,5.0
A1A535TCGNMVPI,B000V1MLBE,4.0
A17UNMURMLX0ZE,B00604RZ12,4.0
A15J71JLC29KPW,B005CLPP84,5.0
A2G563AC1HME2R,B000IF51UQ,5.0
AVPNQUVZWMDSX,B004IZN3WU,5.0
A3IUW081KXD3PE,B002JCSCYS,4.0
A18YMFFJW974QS,B00HFAEBWG,2.0
A335QXPTV1RIV1,B0051WAM1O,1.0
A1GBT4UN2RW7XY,B003EYV224,2.0
A3N4VTNFPMTHEF,B00834SJNA,5.0
A2WCFDOCS73PNB,B0034CL2ZI,2.0
A319Y83RT0MRVR,B00DQZSBUC,5.0
A209G57KXCBF4C,B00A7PPLP2,4.0
AG6TX1ZJHLMO7,B000ONDRDU,5.0
A1RL1OTV8IJMVD,B007ILFFS6,4.0
ANYC38I00IRVK,B006YLTLUY,5.0
A313H6238N589,B00BGGDVOO,3.0
ALDAF4VVLFRHP,B003N12TSY,5.0
A2X3L31KCXBHCL,B006WHPQE0,4.0
A2B7BUH8834Y6M,B00IUICOF8,5.0
A1ZU55TM45Y2R8,B008X9Z8NE,5.0
A2Y4H3PXB07WQI,B003X26VV4,4.0
A3QD59N3M7O7KB,B008V9RW58,4.0
AR8LWDT6TUKNZ,B002VPE1WK,5.0
AYNAH993VDECT,B005NCNE62,5.0
A3FEGTOLCWXSV4,B00CE590Z0,4.0
A64LEAZ2QF8L2,B008Y2SPH6,5.0
A3EXWV8FNSSFL6,B001H35TPK,5.0
A1VGXHHR08G044,B0046SUPQQ,5.0
A4WEZJOIZIV4U,B0041OSQB6,4.0
A27H0T39U3FZB5,B003L1ZYZ6,3.0
A1F1A0QQP2XVH5,B005CG2AX2,4.0
A3MFORLOKIOEQY,B00HGLOQ24,4.0
AGVWTYW0ULXHT,B009A68TMQ,4.0
A6VPK7X53QNAQ,B0013FRNKG,4.0
A2294LS59GC5K7,B003ZBZ64Q,4.0
A3TRY87JJCA5Y8,B005EOWBKE,4.0
A35W3JQYP0M655,B00DJNCS6O,5.0
A2RN2AO4BE6F4K,B005DSPL9E,2.0
A1BT6TL7UCIC5Y,B004KSQANO,4.0
A2X3L31KCXBHCL,B005IHAIJ8,5.0
A2NB2E5DXE319Z,B00B4OCWE8,3.0
A2RIXSMGE9VIBG,B0016BVKAQ,3.0
A1F1A0QQP2XVH5,B004WOBCXO,3.0
A1YN5I4FINMBTI,B000SMVQK8,5.0
A3S5EXYZDEBF3K,B00F5LEMBC,4.0
A38RMU1Y5TDP9,B00HHRP11C,5.0
A18YMFFJW974QS,B00DUKJ5CQ,4.0
ACYZXQ2JKPZKT,B00C46K0X0,4.0
A1C82BC5GNABOA,B005IQRMN4,1.0
AYLLSFYS3UP1H,B008C1JC4O,5.0
A34BZM6S9L7QI4,B00IXEZAEQ,5.0
A22CW0ZHY3NJH8,B003B3P2C4,1.0
A32LX4XJ2LU740,B00BWJW7UO,4.0
A16HXVNPU5TCGE,B000QUUFRW,5.0
A10PEXB6XAQ5XF,B005IHAIEI,5.0
A2J3VCGBNDLAKF,B004SBI2MU,5.0
A3H4S6YO9VNGDZ,B00AXTQQDS,5.0
A15U64VGUV6RBF,B006UMM1PO,5.0
A1P4XD7IORSEFN,B000JMJWV2,5.0
A11EYMH9UV9XG7,B004YIZW16,3.0
A1LYMYNURB9EWW,B003CFATT2,5.0
A2SH6A32BE6NEV,B003H3HLEU,3.0
A3VBZDYGHF4NK8,B00DQZPCTA,5.0
A3VVMIMMTYQV5F,B001UEBN42,5.0
A2CIQEY05SPHTZ,B001TK3ACA,4.0
A2F92M62KN324B,B004CRSM4I,3.0
A1RPJHUVVSI98A,B000EGI7V4,4.0
A1MCH5RXDOH87H,B0038W0K2K,4.0
A1FF2PLA84KNAE,B002BH3Z8E,5.0
A30UP2KKD5IQEP,B00FFZD51Q,5.0
A1LD5SE8IZ1H70,B0071NWYP8,5.0
A3LGT6UZL99IW1,B004CLYEE6,5.0
AEL6CQNQXONBX,B004CLYEDC,4.0
A27H0T39U3FZB5,B0085YTCYS,4.0
A38NHXL5257E3B,B00007M1TZ,4.0
A1F1A0QQP2XVH5,B007W0XHK6,5.0
A1ZCSSCAGBCD49,B002SQK2F2,4.0
ABIVKBMSIPEDY,B00E0HITQ6,5.0
AOTZOHB2LZGYR,B00746YHV6,4.0
A1BJOHHLG0D965,B007T08XA8,4.0
A87N6UTYA6NOB,B002HWRJBM,4.0
A1MRRMHGV3PN5W,B002JCSV8A,5.0
A3V7D0LH8L7BG0,B001NTGSKI,5.0
A1EQ5D5JRSW23K,B000VX6XL6,5.0
A240FRPD4MEXND,B00834SJSK,5.0
AW5JSQCHC2ZJO,B000ONDRDU,4.0
A2LTYEYGKBYXRR,B00B7E1D7W,5.0
A1SB9BNNGKNX2Z,B00EIF0E0Y,5.0
A2WCFDOCS73PNB,B004LSUQZQ,5.0
A2Y1WNETD9AYHO,B001JZFQU4,5.0
A3NHUQ33CFH3VM,B00JJED87A,5.0
A2V9DTXTQ5YIMK,B002BDU95A,5.0
A3PPO2X5PJE1L9,B003ES61EE,3.0
AFNG8O2DXRCUV,B004E0ZLZQ,5.0
AV9PIER7NE448,B009NHAEXE,5.0
A2UEB48LAWFUCW,B0088CJT4U,3.0
AM0QLU79O05JR,B000B6D39I,4.0
A2FWZ58M6IQMD7,B007R5YDYA,5.0
ANFJYYQ0P35CW,B005FVDTAW,4.0
A1FDSZISWIXH1A,B004444O5U,5.0
A1BBYSMT9YCODI,B001VFUN82,3.0
A1YVO5V1SO18DZ,B00DQZOD8Q,5.0
A2NYK9KWFMJV4Y,B00JF0D7RE,5.0
A3R1WFO4KIUQXZ,B004CLYEE6,4.0
A20DDH4NT6Q1E8,B0051AB60M,4.0
AFNG8O2DXRCUV,B00BGA9WK2,5.0
A3DWO5RJDA430F,B009B0MY6S,4.0
A377LPVLLAI42D,B001EPUQAE,5.0
A2Q2A6JKY95RTP,B0002LEMWE,5.0
APGQTZZ4ZFPHO,B0019SHZU0,5.0
AS7J4952JB5XR,B005TCMW7S,4.0
AT8V3JOZD3KWK,B00007EDZG,4.0
A11YIHB6IW352W,B003VAGXZC,4.0
A3A15L96IYUO6V,B000P6J67C,3.0
A3F3B6HY9RJI04,B00HPM1G8Q,5.0
A149RNR5RH19YY,B004HIN7SI,4.0
ALHC64J88LVWO,B0089ZV1WY,5.0
ABQWMANK4AR63,B008ABOJKS,4.0
A11YOTONCPRQ9S,B000X5ZVS8,1.0
A3JAH5WW61N2EK,B0075SUK14,5.0
A186697K4XKXQL,B001TODUXA,5.0
A2VH0UT5EQFB6P,B00BE6C692,4.0
ARXU3FESTWMJJ,B001TH7GVE,5.0
A2NX6PABLIJLP1,B003LZYXYU,5.0
A1KY5G5FP31F2F,B003PL0AME,5.0
A3HR0ZZOFKQ97N,B008X1BVH4,3.0
A2V5M5EJPOD2IU,B00KJJW36G,5.0
A3CG93783LP0FO,B005MTME3U,4.0
A1UEL5C1N6E5SE,B002P3KO8I,1.0
A3TAS1AG6FMBQW,B00894YWD0,5.0
A1EXGL6L0QQ0M5,B004Y1AYAC,5.0
A3CJOB7CHOSZUG,B0000VYJRY,5.0
ACQYIC13JXAOI,B00EOI2SR2,5.0
A259MPG6SOL02P,B004CCS266,2.0
A1PEXTGNF36I1Q,B001BPE3KQ,4.0
A38NELQT98S4H8,B000TS7I6C,5.0
A506HOOCVL8GW,B001V9KG0I,5.0
AG2YXYIQ8TLTA,B00CMJZAOI,5.0
A2XA8CW5DF4MNZ,B002DPTQ8W,3.0
A1HBI9BBQIG1NH,B008ULPD0S,3.0
A3BVN2QBNPBHCR,B0052D38U4,5.0
AEZJTA4KDIWY8,B000N99BBC,5.0
A3J3ZHGDUDPCFL,B00ADG5FLK,4.0
A38RMU1Y5TDP9,B009WZRBPQ,2.0
A39137LW12KK7B,B003I4FHNA,5.0
A3V6Z4RCDGRC44,B000TXZIDM,5.0
A2ULZRSHXS3HL7,B001F8SCRE,4.0
A2ZY49IDE6TY5I,B00B1HUIE4,4.0
ATS2855497V0I,B004HKJTT2,5.0
A26CPEEWB2WKRE,B00GRNUO2I,2.0
ABXANRX4GPYRZ,B001212ELY,5.0
AGVWTYW0ULXHT,B009JBFOZW,4.0
A4D5B7Q8A7PA6,B003ELOSIW,4.0
A1F9Z42CFF9IAY,B002EEP3MK,4.0
A1V4VVBQBFXRHC,B00EOI2SR2,5.0
AEL6CQNQXONBX,B00DJNCS6O,4.0
A21T0D2F7SKG5S,B00009XVA3,5.0
A19HT7YC1UW3D6,B0024R4B5C,1.0
AZMY6E8B52L2T,B00D1QC50S,5.0
A3U6J0DLLDEWM2,B000IF4788,4.0
ARIDN94LOCQFD,B0002CPBUK,5.0
A1L64KDYO5BOJA,B001MSVPM6,5.0
A35HUT8MQMT21L,B005CTKYB4,4.0
AO8NH0BV82XIE,B0035FZ13I,4.0
A3872Y2XH0YDX1,B005J4C820,5.0
A3VZH0PWLQ9BB1,B002V8C3W2,5.0
A20VG5W98SX99L,B009EIUH6G,3.0
A6VPK7X53QNAQ,B006TR0FCQ,3.0
AG35JCCQWDRCS,B005ES0YYA,5.0
ACHTDPEQYSEQL,B00858I53S,4.0
A36K2N527TXXJN,B0019Y8AAI,4.0
A13WREJ05GMRA6,B003VAHYNC,4.0
AEL6CQNQXONBX,B00CUBMF8W,5.0
A2PICNZWHEINQC,B002RM08RE,1.0
A3REK3OFONWB1Q,B006ZBWV0K,5.0
A2M14CFAMF8J7I,B00B1HV7YO,4.0
A38RMU1Y5TDP9,B007R67FNA,5.0
A17BUUBOU0598B,B006CFU61U,4.0
A2XAKGRUHIE2ZA,B003NREDG4,4.0
A2KOV8XWZOZ0FQ,B0096W1OCG,5.0
A1GQRGB8FGSLIZ,B00DEQLDDU,4.0
ANRS196NKFVUU,B000233WJ6,5.0
A1LD5SE8IZ1H70,B0088CJT4U,5.0
A1Y85GQ09Y95JL,B00007IFED,5.0
A3872Y2XH0YDX1,B000Q82PIQ,5.0
A3VC74TJ06WDDD,B000XHS4SK,5.0
A1UEL5C1N6E5SE,B0007TJ5AK,4.0
A1C47ROOK7BSVL,B0019SHZU0,1.0
A18GJ9MYYO6GCQ,B004GCJEZU,4.0
A3A4ZAIBQWKOZS,B00JX1ZS5O,5.0
A100UD67AHFODS,B000HZDF8W,5.0
A2X695AM08AIN1,B003ZUIHY8,4.0
A19W47CXJJP1MI,B005GTNZUM,5.0
A1N3EH28S4DI8L,B000I1X3W8,2.0
A3V6QSTG2T9MIO,B000YA4PPW,5.0
A21NS06GDEA3V0,B000UWX70S,4.0
APOGXH3A74CM3,B00006B7DA,5.0
A2Y739CRM15WDL,B005CLPP84,5.0
A3DGJMO6VPG6FJ,B003LSTD42,4.0
A1YVO5V1SO18DZ,B006DLP7BM,4.0
ABSYIF0ONC2AF,B002TLTGM6,5.0
AQM0K7MBBT4AY,B00BPHH8MA,5.0
A13BX9O5UDBILC,B00GHY5F3K,4.0
AHQRU3MRORIWQ,B004QK7HI8,5.0
A1BBYSMT9YCODI,B00D695GS8,4.0
A1N3EH28S4DI8L,B00894YP00,4.0
A33YZNZIRA3H97,B004H3XNB4,4.0
A23D13HKTA95WX,B0092U3TKC,1.0
AX05DBU8IRUWY,B00ABDIIW8,3.0
A3LDPF5FMB782Z,B00COYOAYW,4.0
A3GVXKCTFN3YDN,B00HFRWWAM,5.0
A1QVFHPY8418HC,B00K91DB7Y,4.0
AEJAGHLC675A7,B004XW2NEW,5.0
A38NHXL5257E3B,B0096PVLL2,5.0
A23GFTVIETX7DS,B003DZJQQI,5.0
A3V5F050GVZ56Q,B001QUA6R0,5.0
A27H61OHW44XA7,B002VPE1QG,5.0
A3EZFFPVS34AMO,B0042VSTZQ,3.0
A1F9Z42CFF9IAY,B0007TJ5AK,3.0
A20G074MWH9U7O,B0007QN18U,5.0
AWPODHOB4GFWL,B00CJRZ31S,4.0
A3TAS1AG6FMBQW,B003ZX8B3W,1.0
A105S56ODHGJEK,B00JC5Y6WM,5.0
A2OOLI2WFY4L2,B000P5AJXI,4.0
A1OMXVXXP07F05,B0043EV20Q,4.0
A11T807LX2EF00,B00829TIEK,5.0
A20WUUD9EDWY4N,B007WTAJTO,5.0
A1PL7QILVQV3IF,B002OB4BKI,4.0
A5JLAU2ARJ0BO,B009YE461W,3.0
A2GKMXRLI7KLFP,B0014L4ZKK,5.0
AT28RL25Q2OLK,B001T9NX9Q,4.0
A1WXG10FJ353K0,B009HQCARY,5.0
A27QXQQOLAMRRR,B0029U2YPS,4.0
A3NHUQ33CFH3VM,B00DQZQHBW,4.0
A28P7V9KI7MXP,B0051A8TG6,5.0
AGVWTYW0ULXHT,B007K3SB6K,4.0
A37IRE9GZ0CZ7I,B00HFAEBWG,5.0
A3V15SFD7918WZ,B006JINHYS,5.0
A2SGAJWXG65464,B0056YNA1Q,5.0
ATFBVUXDIRXT6,B0019EHU8G,5.0
A1143YEAZYMYHJ,B007FZN53W,4.0
A27T4RQ3XA661C,B0068ALV8Q,2.0
A3SX5MZTCZRQLF,B002OEBILU,4.0
A2SH7OWE8QJYNC,B002TLSW9O,4.0
ADLVFFE4VBT8,B00IF0KJTE,4.0
AC6Z7DP1Z5GHD,B0090EC5MS,5.0
A1T1YSCDW0PD25,B008RJZQSW,5.0
ARX7Z3NI6O0F7,B00829TIA4,5.0
A5CDMTW6JKV5G,B009WU5XUG,5.0
ANFJYYQ0P35CW,B00EI4V3X2,4.0
A100WO06OQR8BQ,B003LPTAYI,5.0
A2IMLOJ2Z2QEU2,B003SX0NG2,4.0
A1RPTVW5VEOSI,B000L47AHG,4.0
A3PU3EDJ2FG1AW,B00007EDM8,5.0
A2X78O6G89CB30,B002NEGTT2,5.0
A3QQGPI3CTV9SX,B000BY52NK,5.0
A3F3B1JPACN215,B000VXKD8K,5.0
A1BBYSMT9YCODI,B0035WTVWI,4.0
A23ZXHFLC6TBLD,B0063K4NN6,5.0
A3T7V207KRDE2O,B00AQRUW4Q,3.0
AETQIN7OH0RL9,B00AVBDGHM,5.0
A2KHG3JOFXQ4CE,B0043M668G,4.0
A2ER8G4JJJ7XER,B000UIA6YM,3.0
A35W3JQYP0M655,B00AQ2BRXQ,4.0
A3VONQL7YW8UPM,B00FG7MMDK,3.0
A22CW0ZHY3NJH8,B00000K135,5.0
AWZR0O65DL2Q,B000MT4JTC,1.0
A17Z0LVY96TO53,B006EWUO22,5.0
ADKZOXAOV8EXD,B00EPQ97C2,2.0
A3PGVJF37JSHFO,B005JN9310,5.0
AWNBZSEZ9P8BE,B007IFO2B8,3.0
A1SB9BNNGKNX2Z,B009A6CZ30,5.0
A1GQRGB8FGSLIZ,B00HR78S2Q,4.0
A3SRDVCD2ATIIS,B004J4VYG2,4.0
ANW6EGY12V5XS,B00GY0UFFA,3.0
AFNG8O2DXRCUV,B003UT6C9G,3.0
AFFVUZEGP1FDQ,B004CZ9U96,2.0
AZAC8O310IK4E,B0014J07R2,5.0
A3V5F050GVZ56Q,B001E1Y5O6,5.0
A680RUE1FDO8B,B000GHTGES,5.0
A2PREU4LOFQRB1,B000292DO0,5.0
A1OH33MR6K4G5J,B003ZSHKIY,4.0
A19XMHRB3G4DIR,B005L38XLY,4.0
A1MFVAHTT2BHM0,B005MTME3U,4.0
A25C2M3QF9G7OQ,B003H3NH5W,4.0
A2NX6MFZP8TM6S,B001V7XPSA,5.0
A5QDZEOIMQ4LW,B0015YRMXI,2.0
A1ZCSSCAGBCD49,B001B8CU8U,3.0
A2TKWMX4563NR6,B004KCI80I,4.0
A6TBR6L2D4XKC,B001KZ6C74,5.0
A12DQZKRKTNF5E,B00429N18S,5.0
A2LCE1D0TW2XY0,B000053HBB,5.0
AWPODHOB4GFWL,B00BERGFV6,5.0
A25QJBK33C4O0R,B009F1I1C4,4.0
A1W415JP5WEAJK,B009N8M2P6,4.0
A3QUDXLOJTKEP9,B00CD1FB26,5.0
A31N0XY2UTB25C,B00CO0DE0W,5.0
A3RR2P5IS3DGPR,B006ZH0L2E,5.0
A2B7BUH8834Y6M,B00004XOM3,4.0
AONUCJBC85BL,B00DEN9WOK,4.0
A3AZI828WJN1CD,B00F3T0DKK,4.0
AXP8GO5Q3AXSA,B000EVSLRO,4.0
A1XE3M22N91451,B0064VP70W,5.0
A36IHC0K68NS2,B00HFW1DY8,3.0
AWNBZSEZ9P8BE,B00DMS0GTC,5.0
A4D5B7Q8A7PA6,B0034CL2ZI,5.0
ARX7Z3NI6O0F7,B00A34GP52,4.0
A3LZA698SQPCXE,B00G4UQ6U8,4.0
A105S56ODHGJEK,B001NTFATI,5.0
AHNHLGKIZ2N3B,B008X9Z9S8,4.0
A23ZNGL704AW7O,B00EOYSH94,4.0
A2WC9NFLG57W4H,B003LRVNUU,4.0
A1B4MIXYVIKMU2,B00825BZUY,5.0
A2PK64OVZA1U8Z,B00004VUGJ,4.0
A376OJHLE6SU9Q,B009WZRAQQ,5.0
AGEKVD8JPZQMT,B00BT8XX9C,4.0
ATFBVUXDIRXT6,B00DT04I9W,4.0
A28UMA3GW9L124,B00EZSUVHU,4.0
A25QJBK33C4O0R,B0046HAO40,4.0
A3A4ZAIBQWKOZS,B005Z3GINK,5.0
A25KKXUQQ0OLWB,B00DQZQHBW,4.0
A3ER6ARJ23CIN8,B002M3SHXA,5.0
A1522TN5FVJL0Y,B0037LQY7M,4.0
A2WB7LZ595CR50,B001FA1O18,1.0
AQM0K7MBBT4AY,B002K9IHGI,4.0
A2JXS1JII6SAUD,B001FB578I,5.0
A25UZ7MA72SMKM,B009X00E18,1.0
A1W4F91DH3XPB2,B00C27S0M4,5.0
A2F92M62KN324B,B00BP5KOPA,4.0
A2O6HZ2B9YSRXR,B002G1YPHA,5.0
A3CG93783LP0FO,B003YL412A,5.0
A1DQHS7MOVYYYA,B002TOJXOY,5.0
A16RI68PS6T5CA,B005D5M136,4.0
A203OCQQ12MAVT,B002TLSOFQ,5.0
A1VTCSCH8FFC76,B00066IJPQ,3.0
A3EZFFPVS34AMO,B008HU9R7W,4.0
A2AC6GQ24S45GA,B005A0B7CA,5.0
A3SP7T2PZ3HSDE,B003NVMEBQ,4.0
ACSX5AIZE3MJ9,B007KZQM9G,5.0
AFFVUZEGP1FDQ,B00829THK0,1.0
A3TNM3C9ENUCFW,B0041D81WQ,5.0
A1HBI9BBQIG1NH,B005HY4U5A,5.0
A3CG93783LP0FO,B005X64M2S,4.0
A39137LW12KK7B,B003LSTD38,5.0
A1XK4VP74IB9TQ,B007YWMCA8,4.0
A2V5M5EJPOD2IU,B00D5Q75RC,5.0
A2W2ODLRQ2L8LE,B001VMAYAM,4.0
A3OIMUR42XIOFQ,B00IQ0SDVY,5.0
A54S9CIUV5VNB,B004GF8TIK,5.0
A3SP7T2PZ3HSDE,B00C39KBVE,5.0
A2EF8N7ZE7ONWX,B0042SDDXM,4.0
A1ROUMJOGO4QMB,B000NUYW92,4.0
A2JMJVNTBL7K7E,B0009STJIW,4.0
A1C5WS021EL3WO,B007NZGPAY,5.0
A1CMD08Z49PGKQ,B008ZGKWQI,5.0
A3QJU4FEN8PQSZ,B0076POB8O,4.0
A2Z1R98M2XOCEJ,B001Q3M9PY,4.0
A18HE80910BTZI,B004HO58SO,5.0
A680RUE1FDO8B,B00119T6NQ,3.0
A2X3L31KCXBHCL,B00GA55OGE,5.0
A30X750M8V1XXW,B001OI2YNS,4.0
A1XE3M22N91451,B00137NMMW,4.0
AEAFHD09X8044,B00DMS0GTC,5.0
A22R9L5DAVYYWR,B00007KDVK,2.0
A1IU4UAV9QIJAI,B0026SKZO0,5.0
AGR1V15L6FLMA,B003690Q42,5.0
A2OOLI2WFY4L2,B003WUBIZQ,4.0
A20ZM879PCQQEZ,B006JWMOOI,5.0
A3S0EHEIR52HP1,B005G3066Y,5.0
A1WF4QNIE2Z3I7,B000QUUFRW,5.0
A2LCE1D0TW2XY0,B004E9SGO0,5.0
A6VPK7X53QNAQ,B001G5ZTN6,5.0
A2XCCN239AR1XK,B005QCDY50,4.0
AYB4ELCS5AM8P,B002K23V1Q,5.0
A2IFKH3TJ10387,B00834SJNA,5.0
A1EQ5D5JRSW23K,B00DVFLJDS,5.0
AZNUHQSHZHSUE,B003FBQKZ0,4.0
A4WEZJOIZIV4U,B000MX48VM,4.0
A6VXZ1EEPRTLV,B002LITT6U,4.0
A30KPB2ILF6K6J,B005GM1Q1O,3.0
ATS2855497V0I,B004YLCKYA,5.0
A2LFWJ8X817QGX,B007KXI2R8,5.0
A2L9OPJAAEK08Q,B002WE6D44,4.0
A3HH340REI4J47,B004286VMW,5.0
ADLVFFE4VBT8,B005KELR3A,4.0
AGXMC3ITWZASE,B002IPHA3A,5.0
A2Y4H3PXB07WQI,B007PJ4PKK,4.0
A2YRX8J4WM5BRX,B0067PLM5E,5.0
A1E55W6ES0FY17,B003BKW2K2,4.0
ADKZOXAOV8EXD,B000BKJZ9Q,4.0
A3BVN2QBNPBHCR,B00302RQPW,3.0
A1EVV74UQYVKRY,B00IL7B2YM,5.0
A1OA2ZW406NQXM,B004BQTTE2,4.0
AFM7FK7NFEKFZ,B003WUBIZQ,5.0
ARXU3FESTWMJJ,B00008W2LC,5.0
A6VXZ1EEPRTLV,B0002CPBWI,4.0
A1TQZUSOU22E9M,B004SBBD1C,4.0
A2BMZRO0H7TFCS,B00IVPU7DG,5.0
AIFLY2HF8NS8U,B00EHBPF6W,4.0
AG5WSXI52FPKH,B000V0GXR8,2.0
A1KD8NJPZ01R37,B005FVDTAW,4.0
A34LQ791ACZ0JC,B002PX9BX2,5.0
A2LXX47A0KMJVX,B001VFUN82,4.0
A33YZNZIRA3H97,B00HFRWWAM,5.0
A2JCJJNY43QQIV,B00E9646MY,5.0
AWPN47SSWK1JV,B00902SFC4,4.0
A2UOHALGF2X77Q,B0014T7W8Y,5.0
A3EZFFPVS34AMO,B004R929AY,5.0
A1MFVAHTT2BHM0,B00009R896,5.0
A2LW5AL0KQ9P1M,B00006HYPV,5.0
A35IX2GE0VC0JP,B001S4OTS6,4.0
A28RSMADFCBJDT,B001DYC0CS,4.0
A2KOV8XWZOZ0FQ,B00DR0PDNE,5.0
AZ515FFZ7I2P7,B001NTDGQC,4.0
A57Q87B0TC9IJ,B001MVKZOC,3.0
A1GW7V6S6XSXX3,B008D4X9UI,1.0
AOMEH9W6LHC4S,B005EJH6RW,4.0
A1X2LENOF84LCQ,B002SG7MEG,4.0
A3Q1J68QY1MZQ9,B00DW9U3B2,3.0
A3EXWV8FNSSFL6,B000SDLNKA,5.0
A3JUHP1E3WUHEA,B004CLYEFK,5.0
A18S2VGUH9SCV5,B0088PPFP4,4.0
A1H0D7635GEEJ1,B008NMCPTQ,2.0
A25RTRAPQAJBDJ,B008R6WUZC,5.0
A3S5WYWYKSAI9C,B00ISKS402,4.0
AT09WGFUM934H,B004Q0T0LU,5.0
A3V15SFD7918WZ,B00IDYRZ0S,4.0
A680RUE1FDO8B,B004U9USEA,5.0
AQIJ3ZEEVCIKU,B00DR0C96S,5.0
A2SH7OWE8QJYNC,B00EOI2TD0,5.0
A353U0L2HAMSHV,B008ULPAT2,4.0
ARC5ASW9CUAGP,B000BI7NHY,4.0
A1F1A0QQP2XVH5,B000UEZ36W,4.0
A3DOPYDOS49I3T,B008X9ZBVI,5.0
A1MJMYLRTZ76ZX,B0009RKL5S,2.0
A1VUN4JU731CBH,B009HPC21Y,4.0
A1ODOGXEYECQQ8,B004XC6GJ0,5.0
A6FIAB28IS79,B006UMM1PO,5.0
A3V8P0O224OBDB,B001OC6DCW,5.0
A6TBR6L2D4XKC,B003LZYXYU,5.0
A1F0KPA232MTYC,B003O8682Y,5.0
AFNG8O2DXRCUV,B009XN9GQY,5.0
ASJLXOX1VD4DF,B00IPNPYU0,4.0
A1UTM65Y3G9HUL,B00746YHV6,3.0
A3H6NNGCINPLEC,B002KC55OM,2.0
ABSYIF0ONC2AF,B004CLYEDC,5.0
AS7J4952JB5XR,B0000642RX,5.0
A35HNL2VEDK9Z1,B000JMJWV2,4.0
A3CP3J7OEGQMD5,B003LVZO8S,5.0
A1F1A0QQP2XVH5,B004DI7CW4,5.0
A20L63B48RPSOH,B004HYGEOQ,4.0
A357B3PUHSVQA,B0096YORV4,4.0
A1RPTVW5VEOSI,B002DEM9HI,4.0
A3AGQAXTX6VRJ3,B0007G6RZE,5.0
ATS2855497V0I,B00HFRWWAM,4.0
A376OJHLE6SU9Q,B001UFYFYG,5.0
A2Q204DY2L7YRP,B008FJJ66C,5.0
A1DTCJV6KOMJOA,B00EHZYWGM,5.0
A3HQAPXAJV7PRX,B005QCDY50,3.0
A365PBEOWM7EI7,B00004T8R2,4.0
A3CG93783LP0FO,B0095F5AFG,4.0
A1PL7QILVQV3IF,B0010Z28XG,5.0
A19RGDJPNZ7NZ,B00CALM12W,5.0
A6XDZ1MJ0B1A2,B0002ZH71S,1.0
A1F7YU6O5RU432,B003XE3X8Q,5.0
A1KDUQ2HU0WD68,B00DRA4B6Y,5.0
A2RGWCT6K2C3EZ,B00A34GP52,5.0
A2HXEJXEQQTM1D,B001CIREXA,5.0
A3QDY9I0CNMD2W,B001SJVU24,5.0
A25QJBK33C4O0R,B00HPM1FZ0,4.0
A31N0XY2UTB25C,B0000B006W,5.0
A294BKN913UOGP,B003WJR69E,5.0
A2T24Z5QP2OMXU,B001EYU3L2,2.0
A3NHUQ33CFH3VM,B00B50CEH6,5.0
A1VEELTKS8NLZB,B0049VGHOO,4.0
AR74YY08IP2WE,B00DQZQCUI,5.0
AY3D7DG5L5WCK,B00F1CRTLK,5.0
A2ZY49IDE6TY5I,B007Q8GOHM,4.0
A3EXWV8FNSSFL6,B00D4MFPLA,4.0
A2ARDVMUGDFED6,B00FG7MMDK,4.0
A3QD59N3M7O7KB,B005GM1Q1O,4.0
A3RGHO0Q938FRS,B009E6J1BU,5.0
A2Z2MUP8JRJXEU,B00JGGUBPI,5.0
A33XMCG1UFDSY2,B004I5BUSO,4.0
A34CSXOGVYF94S,B00AYTW80M,5.0
A1PVX61PRPVX27,B007WTAJTO,5.0
A35Q0RBM3YNQNF,B003YH9EZ8,4.0
AWPODHOB4GFWL,B0011ZK6OS,5.0
A19XPAWSWDRI3B,B003VAM32E,5.0
A19XMHRB3G4DIR,B005HY4U46,5.0
A3VBXQKRM7A4JR,B004HW7KDC,4.0
A15U64VGUV6RBF,B00BGA9WK2,4.0
A362FM6FYA1SYS,B00E3W15P0,5.0
A3EXWV8FNSSFL6,B000JLM50I,5.0
A2OT3PDH1AWLTG,B001X017G2,5.0
A2KIJBT9HRIOM8,B007P4VOWC,5.0
A2NOW4U7W3F7RI,B00ISFNSBW,5.0
A3T4OHEAHOJ700,B00AYB3OMG,4.0
A2AC6GQ24S45GA,B003VAK1I2,5.0
A1TQZUSOU22E9M,B005FVNHBI,4.0
A16SRDVPBXN69C,B000H4CLXS,5.0
A680RUE1FDO8B,B001GCQ3KM,5.0
ADKZOXAOV8EXD,B00AQRUW4Q,1.0
ACQYIC13JXAOI,B007BYLLNI,5.0
A3EXWV8FNSSFL6,B006TT91TW,4.0
ADLVFFE4VBT8,B0009MFTSW,4.0
A33HIV8RXRDM88,B005O4FYVC,3.0
A19HT7YC1UW3D6,B000O8I474,5.0
A1BXVZSQOJE6UE,B007BDJ81Q,5.0
AG7EF0SVBQOUX,B001GGL7Z4,4.0
A34BZM6S9L7QI4,B007Q8GOGI,5.0
AZMY6E8B52L2T,B001O4EPHA,5.0
A203OCQQ12MAVT,B002KC55OM,5.0
A2NX6PABLIJLP1,B006QB1RPY,5.0
A3S3VSXEFXBMRC,B002OOWC3I,5.0
A2ZY49IDE6TY5I,B00CIRLJPI,3.0
A22MANL4US4RMY,B00FJRS5BA,5.0
A24RCBRDXRXR0Y,B004Q3R9AQ,5.0
A3SX5MZTCZRQLF,B000NK3H4S,4.0
AY3D7DG5L5WCK,B005FVDTAW,4.0
A197T2N6RU7K56,B005IA844Q,1.0
A2RS66Y79Q8X0W,B00009VQJZ,5.0
A1YVO5V1SO18DZ,B005X64OT4,5.0
A2AC6GQ24S45GA,B001B8CU8U,3.0
AXP8GO5Q3AXSA,B005KP473Q,5.0
A2WW57XX2UVLM6,B004EBUXHQ,5.0
A3EK2KTYHJCPB9,B005Y8K82I,5.0
A2J8T58Z4X15IO,B00486MH80,5.0
A3LDLV1GWQJLEQ,B00GRNUO2I,5.0
ADLVFFE4VBT8,B002ZCXJZE,5.0
A25TQLMIAPI1T6,B0046TJG1U,5.0
ASCBJEPXTOU0V,B002LBROAA,5.0
A32O5FZH994CNY,B004YHXXKO,4.0
A1WXG10FJ353K0,B00BQHD4B8,3.0
A1TQZUSOU22E9M,B002BDU89M,4.0
A105TOJ6LTVMBG,B00182CIB8,5.0
ABVYGB2TKBO8F,B000BQ7GW8,5.0
A18YMFFJW974QS,B00DS5QZRQ,4.0
A2MR696ZU17F12,B002JH3TW8,5.0
A3EXWV8FNSSFL6,B0062EUE54,5.0
AU3GYRAKBUAEU,B006LW0W5Y,4.0
A25RTRAPQAJBDJ,B007W66RCU,4.0
A19HT7YC1UW3D6,B00BSED7S4,4.0
A1ASWDAEDTTY5I,B000MX48VM,5.0
ADLVFFE4VBT8,B0056H9KKI,5.0
A21S26XYPGXJZX,B00DQZNWNI,5.0
A26EQ8U96JA92T,B0038W0N8G,5.0
A2S26YGSVXBCFL,B00GEBTFNM,5.0
A2NYK9KWFMJV4Y,B00HJ1NQLS,5.0
AQB4DH57MSZSC,B00BXF5F3I,5.0
A38KK0SZYEH5UD,B00KNM763E,4.0
A3977M5S0GIG5H,B009MAKWC0,5.0
A3LPL35P7FH78Y,B0074J7ITG,5.0
A1P0JSFW184ZXJ,B00D68Y9B4,5.0
A3EX8ZFNVDHGPM,B00020S7XK,5.0
A1UTM65Y3G9HUL,B003ZX8B2S,5.0
A3OXHLG6DIBRW8,B005HIS5K2,3.0
A25C2M3QF9G7OQ,B00ENZRS76,5.0
A1WUQF5HWBAQJU,B00HBYKVA2,3.0
A1B4MIXYVIKMU2,B001FA1NZU,4.0
A1ZPUEHF4AES86,B00829THK0,4.0
A2WLNSZ9U0T1S3,B005BCCML2,5.0
A3D2VIUT2HWP0Z,B003RRYAXQ,3.0
A15J71JLC29KPW,B0054CFKQI,4.0
AQM0K7MBBT4AY,B0093H4VSS,5.0
AOJA1LC8PN7K1,B000GQMHBI,4.0
AUK79PXTAOJP9,B000J01I1G,4.0
A1F9Z42CFF9IAY,B0000645C9,4.0
A1SHHQSPOWR00F,B002V8C3W2,5.0
A1MEISNED4NP7U,B002J46IYW,5.0
A2WLNSZ9U0T1S3,B005DM9BGE,4.0
A1TY97ZGQT5FGF,B004N625B4,5.0
A1VS1LL905P5L5,B000J43HJ8,5.0
A3JU16JTNLVK1J,B0019RGQVU,4.0
A198CCH4NNLI2E,B0035WTVWI,3.0
ABMNX856X89CS,B005E8MVV4,5.0
A16WP8NTPYB0ZM,B000G7WYZG,4.0
A20VG5W98SX99L,B0056C7SWK,3.0
AXU8RH1DEV21H,B002G1YNQS,5.0
A7UPJYPAH73NC,B006K55662,3.0
A15T9G38F589KM,B00A0JUNYY,5.0
ABDR6IJ93HFIO,B00GLKI258,5.0
A18HE80910BTZI,B007XDFO9O,4.0
A8X478DM3KAWM,B000FITKK8,5.0
A1MFAPVBW9BEGD,B0087NZ31S,1.0
A2HMF8ZR67BNZS,B000BYCKU8,5.0
A19N3S7CBSU6O7,B0011U65F2,5.0
A2PSD2R9A1CXG7,B003656Q7C,4.0
A30XZK10EZN9V4,B005L38VPC,5.0
A1MCH5RXDOH87H,B007XDFO9O,2.0
A1GWG5CWLKJ7ET,B0035JJJQE,5.0
A3FOSLM5G1BO63,B00A7FS3AW,4.0
A2L36AGL8CKY3D,B006JINHYS,5.0
AEAFHD09X8044,B004G6002M,5.0
A3R1WFO4KIUQXZ,B002SQK2F2,5.0
AN81JUYW2SL24,B001LNO722,2.0
AG6TX1ZJHLMO7,B0043M9AU2,3.0
A3QUDXLOJTKEP9,B005DOK8NW,5.0
A2WBVO6X3KPMDT,B00305N47S,5.0
A84FLVDK2R5JF,B005X9XVNQ,4.0
AIJQU979J6UFY,B004QZASJ8,3.0
A1EQ5D5JRSW23K,B0074BW614,5.0
A18S2VGUH9SCV5,B0048IATQ0,5.0
A13WOT3RSXKRD5,B004H8FNC6,4.0
AT28RL25Q2OLK,B007ZW7YEQ,5.0
A3CEUT263RNUDO,B000EW9Y4M,5.0
A2AFTRU43PY9P5,B0046TJG1U,5.0
A1EH2S92FHWZRP,B0012Y2LLE,5.0
A3Q4TYJVAM4IRM,B000P6J67C,4.0
A2WB7LZ595CR50,B001G5ZTPY,5.0
A20DZX38KRBIT8,B000EPHR0C,4.0
A3UKWQS8SRW6IO,B004NBL9WK,4.0
A1EXGL6L0QQ0M5,B004X5EP86,3.0
A200DY76VXVGP9,B004CAHTCQ,5.0
A3QNQQKJTL76H0,B008X9ZD5C,2.0
A3QNQQKJTL76H0,B001A4LVYY,5.0
AAK6SOEJY30YG,B00006HVLW,4.0
A21KNRUAA5RK5E,B003P2UMR6,4.0
A23NSKTMSPPBTR,B00EUFP39E,4.0
A2S26YGSVXBCFL,B007Y4TTWU,2.0
A3CG93783LP0FO,B00BUACE8K,4.0
A2LLSFQO8O8XNW,B0055QYJIS,5.0
AIFLY2HF8NS8U,B00DR8LAE2,5.0
A267FU71Z01CIH,B008MF465K,4.0
A2I2KPNJDQ9SL0,B000V0ETA6,5.0
A20DDH4NT6Q1E8,B001U3ZVQ4,4.0
A1E1LEVQ9VQNK,B00HR3J65I,5.0
A1HYH206E18XVC,B002SZEOLG,5.0
A1ZU55TM45Y2R8,B00G4FCHH4,3.0
A39137LW12KK7B,B0093H4WT6,5.0
AR3EVUQF0AC7R,B00BOHNYU6,5.0
A1FDV3WPOHREY9,B002NEGTTW,3.0
A2W9I628I6SE1U,B00CIY0KOM,5.0
A35OIWPVTGW3UC,B0019FJM7W,5.0
ADLVFFE4VBT8,B001RQ2YF0,5.0
A2LFWJ8X817QGX,B007QXLIWI,5.0
A17UNMURMLX0ZE,B00C20KWP4,5.0
A1KY5G5FP31F2F,B005K7192G,5.0
A1PS4OYWUB0VX,B005CT56F8,2.0
AIJQU979J6UFY,B001W0XZYA,3.0
A680RUE1FDO8B,B003M8HWDA,5.0
A100WO06OQR8BQ,B0002L5R78,1.0
A2VAD79S4A06DD,B0009JB7GI,5.0
A1WF4QNIE2Z3I7,B003TYDBYQ,5.0
A1MQQEM7W77L62,B00D5Q75RC,5.0
A29KJ32G75L7G9,B004L9MBH6,3.0
A1VGXHHR08G044,B0023B14TK,2.0
A2I2KPNJDQ9SL0,B003ES5ZUU,5.0
A1GWG5CWLKJ7ET,B00DULMXTW,5.0
A1UQBFCERIP7VJ,B00JO6UGFU,5.0
A1MZL91Z44RN06,B0074FGLUM,5.0
A84FLVDK2R5JF,B001D559Y8,4.0
ARBKYIVNYWK3C,B004HYFX0C,4.0
A2WLNSZ9U0T1S3,B001D7REIK,5.0
A27ADCSD15F3GL,B00HSQAIQU,4.0
A3V7D0LH8L7BG0,B00GRNUO2I,5.0
A250AXLRBVYKB4,B001AAVA08,3.0
A3QJU4FEN8PQSZ,B00CD8ADKO,5.0
A1BT6TL7UCIC5Y,B001GUPEMW,4.0
A1TR1R2QKWRSRA,B008ULPD0S,4.0
A2J3VCGBNDLAKF,B0072XQI2W,4.0
APOGXH3A74CM3,B000JMJWV2,5.0
A319Y83RT0MRVR,B002VJJXGU,5.0
ASJSX783R5HTZ,B009NB8WR0,5.0
AWPODHOB4GFWL,B006U3ZIM6,3.0
A3CJ7MHAS9IMAM,B005TDWY52,3.0
A3LDFTSXU3UPBO,B004NBZ8DQ,5.0
A2XXBZPQT5EXHV,B006W8U2MU,4.0
A1EVV74UQYVKRY,B003SX0NF8,4.0
A100UD67AHFODS,B00HHRP11C,5.0
A2LW5AL0KQ9P1M,B008HK3YOO,1.0
ARIDN94LOCQFD,B0079UAT0A,5.0
A2QNS95WGN35G9,B004UEPUVG,5.0
A1EH2S92FHWZRP,B000NK6INU,5.0
A33152QEGO2MZN,B004XY65WQ,5.0
A17UNMURMLX0ZE,B005TDWSF8,2.0
A1ZU55TM45Y2R8,B008I21EA2,5.0
ASFW4ZMNZJKDA,B007FPIQ0E,5.0
A2SH6A32BE6NEV,B00DIOALPE,5.0
A21S26XYPGXJZX,B004Q3R9B0,5.0
A3F9CBHV4OHFBS,B009W8YQ6K,5.0
ADLVFFE4VBT8,B003VWY0VY,5.0
A22CW0ZHY3NJH8,B000U5TUWE,4.0
A3U41ZL33SS92P,B00F0DD0I6,3.0
A20DDH4NT6Q1E8,B00FNPD1OY,5.0
A1KKE6VX8VPWZK,B001HMVAWC,4.0
A1E1LEVQ9VQNK,B00JWV1LP6,5.0
A3Q1J68QY1MZQ9,B00B7Y7PQU,5.0
A28CCQNXWV6WA2,B001EQ4C8U,4.0
A2I357I10ZY7CI,B0079M711S,5.0
A2VODABWSVHV8E,B005FYNSPK,4.0
A28X0LT2100RL1,B0009JB7GI,3.0
A3FBM0RMCMAABV,B007FZN53W,5.0
A3CJ7MHAS9IMAM,B001EQ4BVI,5.0
A313H6238N589,B00001P4ZH,4.0
A368IPE6EW0GZL,B0056TYRMW,5.0
A17HMM1M7T9PJ1,B0007DDK7A,5.0
A379DLIAF0MFM5,B005K69PLE,5.0
A11OTLEDSW8ZXD,B00E89AQDA,3.0
A3AG5QAT8L0I3R,B004N6259G,5.0
A2MJ8OL2FYN7CW,B00825BZUY,5.0
AVBLGXSWRN666,B001N9X4CS,5.0
AV10H5K6VPQIJ,B000BVC0WO,5.0
A8CKH8XB33XGN,B000ID7QNI,5.0
A2J8T58Z4X15IO,B0054JE706,5.0
A2WLNSZ9U0T1S3,B008M11XO6,1.0
A1JUBRIZMO0RJV,B0047DVRQW,4.0
A3TA1UJWRJF9NC,B00029U1DK,5.0
A3KZEGBTPH6MMF,B005EWB37S,5.0
AIJQU979J6UFY,B001S0RUFY,5.0
A3R4794K2RVU1S,B002QUZM0U,5.0
A2HNH4PKE5DPSI,B004M8ST5O,5.0
ABVYGB2TKBO8F,B00091S0WA,5.0
A26877IWJGISYM,B005FVNHBI,5.0
A2HRHF83I3NDGT,B001AW8W7A,5.0
A38V76R24EJSHA,B000VX6XL6,5.0
A1YEPFLLH42OU1,B0043WJRRS,5.0
A7Y6AVS576M03,B0007XXU3E,3.0
A2YEOR4XJ8N3QE,B006GDTTM0,5.0
AI0BCEWRE04G0,B000VZS2EU,5.0
A1EH2S92FHWZRP,B001PIBE8I,5.0
A1CSRR7FCKBL9M,B0058AH2US,5.0
A2FXBWR4T4OFQ,B00004ZCJE,3.0
A32HSNCNPRUMTR,B00427ZLRO,1.0
A3UQSOJW51UU9T,B002NU5UW8,2.0
A2AY4YUOX2N1BQ,B00007B4DM,5.0
AZAC8O310IK4E,B005FVDTAW,5.0
AS269J1OGZT1V,B0056TYRMW,4.0
AW6J9IILGOZY3,B008X9Z8NE,5.0
A16SRDVPBXN69C,B0043VE28S,5.0
A28P7V9KI7MXP,B002ZIMEMW,5.0
A1DQHS7MOVYYYA,B0015A6YN6,2.0
AQIJ3ZEEVCIKU,B001HMVAWC,3.0
A27H61OHW44XA7,B001DQKHX0,4.0
A250AXLRBVYKB4,B000M2GYF6,5.0
A3IMALU0RM8UT9,B00INNP5VU,5.0
A12DQZKRKTNF5E,B00F6E4HXG,5.0
A3TPNC3TKGCCEI,B003ELOSXM,5.0
A3PU3EDJ2FG1AW,B001MSVPM6,5.0
A1DB5QPH7WO488,B004TS1IFK,5.0
A32NEDX6UVV8DE,B0079M711S,5.0
A1HSM98KUGTHNY,B005GI2VMG,5.0
A1TR1R2QKWRSRA,B0030MIU16,3.0
AFICF7DKHTQ87,B00F1CRTJM,4.0
AENULRBQ2IE5I,B004LWYE4Q,5.0
AVPNQUVZWMDSX,B002TLTGM6,5.0
A32O98PFC3OP7K,B000HZ9CCA,5.0
A3977M5S0GIG5H,B003SWDA4A,5.0
A1TQBAHI3M4ZBQ,B000ENRQ3M,3.0
A3977M5S0GIG5H,B003VWY0VY,5.0
AU2UJF4I7KAWL,B005CPGHAA,1.0
A19RGDJPNZ7NZ,B0017K6BD2,5.0
A3CJ7MHAS9IMAM,B002NEFL8W,5.0
A1FDV3WPOHREY9,B007RB164E,4.0
A2ZY49IDE6TY5I,B007BY0MIS,4.0
A3CIET1UO3G51E,B002SXMRW6,5.0
A2XPK6XCL0UH1S,B004BQTTE2,4.0
A3HC7NWLKCPX4X,B008XVAVAW,4.0
A4D5B7Q8A7PA6,B0041Q38NU,5.0
AMS2CPERWN7JV,B00ATZ9I90,5.0
A1SB9BNNGKNX2Z,B001W0XZYA,5.0
A2ED50E3KWKUKW,B001M4N956,5.0
A3U41ZL33SS92P,B000QWEN5K,3.0
A2TVH2OBNXYXHV,B00IVPU6AA,5.0
A2WC9NFLG57W4H,B00ATM1MGA,4.0
A21T0D2F7SKG5S,B000V5P90K,5.0
A3D7BGK0P5QY0X,B000136P8W,5.0
A370XYLIZCSK1Y,B008ALA6DW,5.0
A1BBYSMT9YCODI,B0035JJJQY,3.0
A7Z2J9V37ABCO,B009OBCAW2,5.0
ACSX5AIZE3MJ9,B0051FWA7U,4.0
ACYZXQ2JKPZKT,B002VPE1WK,3.0
AGGAQLXPVGM5D,B007IV7KRU,5.0
A3CMO216CWOF5N,B0006OCEFY,5.0
A2X8KN82L07RSK,B0013F6HK8,4.0
APBDZ88BBTN4F,B0079R8KO0,3.0
A31HE83MU98GBV,B001DQKHX0,5.0
A2VH0UT5EQFB6P,B000MBUSD6,4.0
A1VQHH85U7PX0,B000BKJZ9Q,5.0
A250AXLRBVYKB4,B004SNCZ3K,3.0
A27H0T39U3FZB5,B008O2HWTI,5.0
A1H0D7635GEEJ1,B0040IWVBY,4.0
A2YEZ8Z3BW2SKG,B000ALLMI8,5.0
AR74YY08IP2WE,B00EOI2SR2,5.0
A2JCJJNY43QQIV,B005SNPTRS,5.0
AC9QEWWN4W9MC,B005J7YA3W,5.0
A3TBMAWIIHKHFN,B0011U65F2,1.0
AM0QLU79O05JR,B000089GN2,4.0
A3CLWR1UUZT6TG,B006QB1RPY,5.0
A23ZXHFLC6TBLD,B007ZWLRSU,5.0
A20DDH4NT6Q1E8,B00AQDG99M,4.0
A24HWYHR28JJ7A,B0079TOET8,3.0
A1M7HP5CHDXXOU,B00D429Y12,5.0
A2LF16F0KX9L7P,B006THIULY,5.0
AZCE11PSTCH1L,B0039825LM,5.0
A2EZTM9WY5B5IL,B00603RU9A,4.0
A31HE83MU98GBV,B00EJ8CQSS,4.0
A3UKWQS8SRW6IO,B0040702HA,5.0
A2IFGGXG3YV3Y6,B00003G1RG,5.0
AS8C336DDLSO4,B001S2PPT0,5.0
AXU3VKZE848IY,B005TCMW7S,5.0
A11EYMH9UV9XG7,B000204SWE,5.0
A3EFSLEMHNPP6A,B004OHX6P6,1.0
A28X0LT2100RL1,B004YW7WCY,4.0
A2BMZRO0H7TFCS,B000A6PPOK,4.0
A2MOD50IHEDH3G,B005TDWX2Q,5.0
A11I1I9QLMAM1A,B004J3VAYO,5.0
A1DQHS7MOVYYYA,B009QV72VY,5.0
A1URXSRV6WDHVY,B00825BZUY,2.0
A18A5VSD0IPN14,B0049SCB2Y,5.0
A2HRHF83I3NDGT,B00762YNMG,5.0
A2WJ5XSE4I9F55,B0017H4EBG,5.0
A2PSC7LUNIDEAH,B001F50UDG,4.0
A2Y4H3PXB07WQI,B00CD8ADKO,4.0
A2TN0U8173HM7A,B008I636D6,5.0
A27H0T39U3FZB5,B005XPFYBM,5.0
AO2EURP2Y4JZM,B0042FZ50O,3.0
A20DZX38KRBIT8,B00007KDVI,1.0
A13WREJ05GMRA6,B005UBNKWO,4.0
A1RPTVW5VEOSI,B008AT6BMY,4.0
A2RN2AO4BE6F4K,B00834SJNA,5.0
A3T7V207KRDE2O,B00D8X0ICQ,4.0
A3R4794K2RVU1S,B007PJ4Q4A,5.0
A1VTCSCH8FFC76,B003VANOI6,2.0
A1H6SBO7R007I8,B004C13VWC,4.0
A2VCXIAWCPQ13P,B001O9X9EU,4.0
A2NX6MFZP8TM6S,B003WUBIZQ,5.0
AONUCJBC85BL,B004DI7CW4,5.0
AQ2FC1DLKVD8H,B0088CJT4U,5.0
A23ZXHFLC6TBLD,B00007IFED,5.0
AHR86ZEYETLJI,B007B6YPAW,5.0
A2F7CSE6KT7NI4,B001FVI91U,5.0
A19EKT8H85AKO5,B00AW48DS0,3.0
A1EQ5D5JRSW23K,B004AK154Q,5.0
AWNBZSEZ9P8BE,B004IBK3PE,3.0
A2RWHTNM5P3I8Y,B001U5YZ4G,3.0
A25UZ7MA72SMKM,B002RL875A,5.0
AUCIFMWP3DU8R,B00004VUGJ,3.0
A250AXLRBVYKB4,B002R5AM7C,4.0
AUBEFRFHJR64Y,B003PJ6QVU,4.0
A1BT6TL7UCIC5Y,B0029EB3OC,4.0
A12O5SEIF162P8,B008O8EGOQ,4.0
A3N4VTNFPMTHEF,B000UEZ36W,4.0
A2HXEJXEQQTM1D,B0023Y9EQC,4.0
ACJT8MUC0LRF0,B00B1K6D5Y,5.0
A361M14PU2GUEG,B004NY9UV4,4.0
A1UQUDT2Q0YENM,B0042FZ50O,5.0
A1P4XD7IORSEFN,B000W9DJ1Q,1.0
A2E1EFNIZL2FVA,B0079T724W,5.0
A1W4F91DH3XPB2,B00EZ9XG62,4.0
A1OGCPMSIVK7G4,B007WTAJTO,5.0
A3UR2N0ATGBCU8,B004UBU3SY,4.0
A3S3R88HA0HZG3,B004ZF0PXI,4.0
A3OIMUR42XIOFQ,B00EZ9XKCM,4.0
AK9BXHEXOOM6Z,B000068O34,5.0
AEZJTA4KDIWY8,B00109Y2DQ,4.0
A1BC62X6HZJGZR,B00DR0B31U,3.0
AMZCZBK1EF1PV,B008E18PDG,3.0
AGHZXQL9F94T9,B0000645C9,2.0
A2YEZ8Z3BW2SKG,B00BE68UZ6,5.0
A21T0D2F7SKG5S,B00006JN3G,4.0
AROQO2VDODT7,B0007DDK7A,4.0
A2ZGDHLJ85T6AD,B0081H8TRA,3.0
A3EFSLEMHNPP6A,B009C98NPY,5.0
A3TAS1AG6FMBQW,B00JEVI0US,5.0
ACYZXQ2JKPZKT,B002TLTGM6,2.0
A21I62TCDL4754,B00BOHNYU6,4.0
A2M9ME0N2S3R39,B007RFW1NA,4.0
A2RW587355CMVA,B007X3VEX4,4.0
A2Q2A6JKY95RTP,B00HNJWSH4,4.0
A2M14CFAMF8J7I,B00829THK0,5.0
A2VC48WIMY6L6E,B007G5NNOW,5.0
A1T1YSCDW0PD25,B009H0XQPU,5.0
A18S2VGUH9SCV5,B0054JE706,4.0
A18FLOC8YQY0P8,B00E3W15P0,5.0
A3W4D8XOGLWUN5,B000MVJ1M0,4.0
A3NVZTGPORNPRW,B001PS9E5I,5.0
ASJLXOX1VD4DF,B00972M942,4.0
AQ2FC1DLKVD8H,B00GMTN96U,5.0
A2D0CO1OA6DSWY,B002WE6D44,5.0
A2DKQQIZ793AV5,B00JQTNVL6,5.0
A16QODENBJVUI1,B008R7EXCE,5.0
A100UD67AHFODS,B00004Z5M1,5.0
A2BLFCOPSMBOZ9,B002IC0YL8,5.0
A30J7WQV0ZNRXG,B006MPUTBC,5.0
A9LNWA25IM2DX,B0016BVKAQ,5.0
A1EVV74UQYVKRY,B001FA1O0O,5.0
AFR9GYKAHM37U,B005KP473Q,5.0
A213J54E63SYOP,B003NR57BY,5.0
A3G5MOHY1U635N,B003EYVP12,5.0
A32NEDX6UVV8DE,B009HQCARY,5.0
A2W2ODLRQ2L8LE,B002U1ZBG0,3.0
A4U27URFECK1U,B00HFRWWAM,4.0
A30UP2KKD5IQEP,B0063705PE,4.0
A1VFX417XDNWIU,B00BD7UXT2,4.0
A26SO3TOT2TLJE,B00DTPYQBM,5.0
A2UOHALGF2X77Q,B0007MXZB2,4.0
A2UOHALGF2X77Q,B0006I1TRY,4.0
A353U0L2HAMSHV,B003DZ165W,3.0
A36K2N527TXXJN,B005NGKR54,5.0
A2S26YGSVXBCFL,B002SZEOLG,3.0
A1V3TRGWOMA8LC,B00GJYJFKM,5.0
A1RDHBBZE1NPS3,B004F09CVO,5.0
A9Y5O2R4D6EH5,B007FPIQZ4,4.0
A1ZU55TM45Y2R8,B003LNZ1L6,4.0
A1ODOGXEYECQQ8,B00D5EO27U,4.0
A2FZQF0MH29VYN,B007ULT41S,4.0
A1XK4VP74IB9TQ,B000RK89M4,1.0
A19HT7YC1UW3D6,B000S5Q9CA,5.0
A1S27P7KJO9I96,B003WQ8EX4,2.0
A7EJERNB7IK3Z,B0006OCEFY,4.0
A1J75JJ0Q2OEJN,B001FA1O18,5.0
ANXEW7IDYDJEH,B000ANCPNM,5.0
A3B20R4ZAH0Y2Y,B00AAHT8JC,5.0
AY6A8KPYCE6B0,B00BD7UXT2,5.0
A2CIQEY05SPHTZ,B00972M942,4.0
ANYC38I00IRVK,B001V9LPT4,4.0
A28UMA3GW9L124,B004275EO4,1.0
A200RY2ELZL2Q3,B0062EUE54,3.0
A3TAS1AG6FMBQW,B001F7HLRC,5.0
A203OCQQ12MAVT,B003OBXHPC,4.0
A1V4VVBQBFXRHC,B0013DXVYK,5.0
A1MEISNED4NP7U,B001E0JH5E,5.0
AJX9A4Q19UTJU,B00IVFDZBC,5.0
A3J8A5L5AF5TX9,B0012MMW7E,2.0
A17V9XL4CWTQ6G,B00A7PPLP2,4.0
A5JLAU2ARJ0BO,B00006HYPV,1.0
A1CMD08Z49PGKQ,B002TPFNXS,5.0
A19EKT8H85AKO5,B004CLYEFK,4.0
A3MFORLOKIOEQY,B0093H4VSS,5.0
A5QDZEOIMQ4LW,B004J3VAYO,5.0
ADLVFFE4VBT8,B008X9Z528,4.0
A1VEELTKS8NLZB,B003A4H2LI,2.0
A23NSKTMSPPBTR,B00BERGFV6,4.0
AGXV8E7XK9J6H,B000I04WWY,4.0
A19FRW264WZTGP,B004DMNT2W,4.0
A10PEXB6XAQ5XF,B007C8GMPU,5.0
A1WF4QNIE2Z3I7,B0055QYKQO,5.0
A20H1M28WLI9J2,B0049SKIDI,4.0
A87CILADRIZW0,B001XURP7W,4.0
AY6A8KPYCE6B0,B005INAVHQ,5.0
A2QRXQPHDMFCQV,B004CR3XEW,3.0
A2NSMJVQY0RV9S,B00017LSPI,5.0
A25C2M3QF9G7OQ,B009X01C64,5.0
A2PSD2R9A1CXG7,B0012Y2LLE,5.0
A225G2TFM76GYX,B001M5U5AC,5.0
A3R19YKNL641X3,B00AAHT8JC,5.0
A2XCCN239AR1XK,B004PGMFG2,4.0
A1RPTVW5VEOSI,B00946XHI8,4.0
A22CW0ZHY3NJH8,B003VAGXZC,4.0
AN81JUYW2SL24,B000NK3H4S,4.0
A1D9V11QUHXENQ,B00004Z5D1,5.0
AFFVUZEGP1FDQ,B00IVPU5BK,5.0
ABH9D1TEOJ56E,B00006LV79,4.0
A3SX5MZTCZRQLF,B00IORDBPC,3.0
A11EXFO14WEJM1,B002VX0GJY,5.0
A1CSRR7FCKBL9M,B004HCO4GI,4.0
A96JD9312DHWC,B008X9Z3UC,5.0
AHQRU3MRORIWQ,B002Y6CJJ8,5.0
A2DXENZNO2JT4F,B00IDYRZ0S,5.0
A2ARDVMUGDFED6,B003GAJ67Y,4.0
A1J75JJ0Q2OEJN,B001TOD7ME,4.0
A2NQMVTQ4PVLL,B002WE6D44,5.0
A3S3R88HA0HZG3,B001AO4MWW,5.0
A1BT6TL7UCIC5Y,B005X64M2S,4.0
A2L0F2T1DLTNT8,B00DLKE8C2,5.0
A26LD9FQHTM8ZH,B009B0MZ1M,3.0
A1X2LENOF84LCQ,B00HZR4DNG,5.0
A2LXX47A0KMJVX,B00426C57O,5.0
A20DZX38KRBIT8,B002JSS2NS,5.0
A1E1LEVQ9VQNK,B002FYL7PG,5.0
A2NOIWPJDD7WIQ,B000KKPN5C,3.0
A2WCFDOCS73PNB,B004CLYEDC,4.0
A54S9CIUV5VNB,B001QUA6R0,5.0
A292TRC6DX2GKK,B0052SCU8U,5.0
A2AC6GQ24S45GA,B0015LOWD4,5.0
AT6CZDCP4TRGA,B007ABIY4Q,5.0
A10PEXB6XAQ5XF,B00G9WHMCW,4.0
A32O5FZH994CNY,B000B6D39I,4.0
A1UMSB7LAW0RIR,B005A2RLXC,5.0
AQ2FC1DLKVD8H,B007GMPZ9Q,5.0
A1AQ8JT2A3UWMY,B001G5ZTLS,2.0
A4D5B7Q8A7PA6,B003JQLI9O,1.0
A10H24TDLK2VDP,B0067MK1TU,5.0
A1QQA7Y92L4F9R,B004Q81CKY,3.0
A33ZYFE8XMKKR1,B0097BEDOC,4.0
A1MZL91Z44RN06,B006JH8T3S,5.0
A17BUUBOU0598B,B002TLTE7I,3.0
A10H24TDLK2VDP,B002HWRJBM,5.0
A3QRW0UJPKIAX7,B00HC0ZDOE,3.0
A30XZK10EZN9V4,B005C31HC0,4.0
A1CM4HI4S5P0WO,B0014T7W8Y,5.0
A6VPK7X53QNAQ,B000UY1MB2,4.0
A27QXQQOLAMRRR,B0051AB60M,1.0
A3CG93783LP0FO,B004IA6N5Y,3.0
A194Y47BF3CUTJ,B001F42MKG,5.0
A36K2N527TXXJN,B00FW6T36Y,5.0
A11I1I9QLMAM1A,B007KTQU5I,5.0
A38KK0SZYEH5UD,B000Y97Q86,3.0
A96JD9312DHWC,B008ULPE70,5.0
AOMEH9W6LHC4S,B00EWOK09G,4.0
A376OJHLE6SU9Q,B00GMGDFPI,5.0
A2XRMQA6PJ5ZJ8,B000JMJWV2,5.0
A3NHUQ33CFH3VM,B004YLCE2S,5.0
A25WJCAP606YMP,B009O7Y8ZI,3.0
ATMQEI1LKR6VB,B0042FZ50O,5.0
A1BT6TL7UCIC5Y,B001OQC0H0,5.0
A3SL0HA6422W4M,B00IUICOF8,5.0
A1ITRGMT80D5TK,B00BDRX7ZE,3.0
A2XX2A4OJCDNLZ,B00425S1H8,4.0
AWPN47SSWK1JV,B00HPM1G8Q,4.0
A19W47CXJJP1MI,B004IZN3WU,5.0
A3JU16JTNLVK1J,B0002Y5WZC,5.0
A12EVK82QUTSA6,B002ZCXJZE,5.0
ABIVKBMSIPEDY,B008H9BXMK,3.0
AT28RL25Q2OLK,B004INGZCM,2.0
AUITG1DJ3QUGK,B00HFAEBWG,3.0
A19HKRB4LU5YR,B0088PPFP4,4.0
AH5BCMZELZSKG,B00BXF7I9M,4.0
AKBVYIIHWI04B,B00609B3J2,5.0
A3SX5MZTCZRQLF,B007PJ4P4G,5.0
A3N8O68DOEQ2FE,B000HPV3RW,5.0
ASRA2UZ3JV87B,B000HCT12O,4.0
AGOH8N902URMW,B006TAP096,5.0
ACY9QYNDFLVBI,B007G5NNOW,2.0
A1E1LEVQ9VQNK,B00D4MFPLA,5.0
A3PU3EDJ2FG1AW,B00BD7UVO4,2.0
A2W0XCWOK3MW6F,B002K9IHGI,5.0
ACSX5AIZE3MJ9,B001NJ0WCS,2.0
A3MUSWDCTZINQZ,B009WZRAQQ,5.0
ARXU3FESTWMJJ,B0054L8MR8,4.0
A3VBZDYGHF4NK8,B00HC0ZDOE,5.0
A1EKSETIBS9ETQ,B00007EDZG,4.0
A3284KYDZ00BZA,B004PNAA44,3.0
A34VRVI4CSI5RQ,B00IUICOHG,4.0
A38RMU1Y5TDP9,B004J3V7RO,5.0
AONUCJBC85BL,B009SPUY5O,2.0
A2A4X545ERLS7H,B0040RDT0M,2.0
AXU3VKZE848IY,B002DPTQ8W,2.0
A2AEZQ3DGBBLPR,B00428N9OK,1.0
A1MEISNED4NP7U,B0007XJSQC,5.0
A1N3EH28S4DI8L,B00EVIBN26,2.0
A1V4A5U5O3TMMD,B0053FR9FQ,5.0
A6VXZ1EEPRTLV,B003XFWSU4,5.0
A1T7EHCMZ92TKC,B005HMBQR2,5.0
AYB4ELCS5AM8P,B00007KDVI,5.0
A87CILADRIZW0,B005HMKKH4,5.0
A20DZX38KRBIT8,B00006HYJ5,1.0
A11T807LX2EF00,B00EAR8S76,4.0
A1143YEAZYMYHJ,B009RH9FR6,5.0
A25TNBMJ4ZO7RD,B00FH66AW4,5.0
A1BT6TL7UCIC5Y,B006WHPQCM,4.0
A27H61OHW44XA7,B004Q3R9AQ,5.0
AR3EVUQF0AC7R,B000O8WE66,5.0
A196JN53PG0C7R,B000W5RBQE,5.0
A35Q0RBM3YNQNF,B004CLYE8C,5.0
A3AYSYSLHU26U9,B00JZAB8OI,5.0
A2Y29IRSI08F0I,B00005ATMI,5.0
A2BMZRO0H7TFCS,B0099SMFVQ,5.0
A2SZLNSI5KOQJT,B006WVR9GY,4.0
A11IXJ8M1JO296,B00007KDVJ,4.0
A20L63B48RPSOH,B006SVV6HG,4.0
A87N6UTYA6NOB,B0026ZPFCK,4.0
A212MDP6K4VJS5,B000HGIWN4,4.0
A1YE1IK0JYSIIE,B00DY2Y28M,5.0
A1ITRGMT80D5TK,B008D97LNE,4.0
A3BNMHRW2R35LK,B004F09CVO,5.0
A36K2N527TXXJN,B003XIJ3MW,5.0
AHF4I1FSIHABC,B00139W0XM,5.0
A33HIV8RXRDM88,B003LRVNUU,4.0
A31RULW0KNYJ5H,B00DJ69GSO,2.0
A2SH6A32BE6NEV,B000CSWCQA,4.0
A145B8OHVNNFAJ,B00829TIA4,5.0
A3QKIR8J56EUI1,B00015Y0FK,5.0
AWNBZSEZ9P8BE,B00BE68UZ6,3.0
A2DKQQIZ793AV5,B00AHBKW2S,5.0
A3TBMAWIIHKHFN,B000UXZQ42,4.0
ABQWMANK4AR63,B00079SWNQ,5.0
A3T4OHEAHOJ700,B001H35TPK,5.0
A23GFTVIETX7DS,B000UY1MB2,4.0
A1Z4GII5CHCDG7,B001BLTDZA,3.0
A2JMJVNTBL7K7E,B0088CJT4U,3.0
A35HUT8MQMT21L,B002J9HBIO,5.0
AG6TX1ZJHLMO7,B000A6PPOK,5.0
A1CMD08Z49PGKQ,B003HKRVAW,5.0
AQIJ3ZEEVCIKU,B00BQ5RYI4,5.0
AN81JUYW2SL24,B00AQUO5RI,2.0
A27QXQQOLAMRRR,B00J238GV6,5.0
A3N8O68DOEQ2FE,B003M0NURK,5.0
A2NOW4U7W3F7RI,B00GVRHON2,5.0
A2Z9S2RQD542CP,B000HDZAUA,4.0
A196JN53PG0C7R,B005DKZTMG,5.0
AGXMC3ITWZASE,B002DUCMQU,4.0
A32O5FZH994CNY,B000FJ89UO,4.0
A3KZEGBTPH6MMF,B003LRY9Q0,4.0
AONUCJBC85BL,B00AR95ESC,5.0
AL42PIIG5DXYD,B00023433U,3.0
A2J7FHZFKOKGZ6,B004QK7HI8,2.0
A2VH0UT5EQFB6P,B002USAIYS,3.0
A3LGT6UZL99IW1,B00B7Y7HF4,4.0
A2PL06HW6KZH2,B00GLJGJTA,2.0
A3GVXKCTFN3YDN,B007YXA5TC,5.0
A3TAS1AG6FMBQW,B003YKG2UK,5.0
A353U0L2HAMSHV,B007KEZMX4,5.0
A2ZWJVKITA32OV,B002RL875A,4.0
A24ARANWS5E3T8,B0058UUR6E,5.0
AY6A8KPYCE6B0,B0041OMWNY,4.0
A3QNQQKJTL76H0,B00634PLTW,5.0
A5JLAU2ARJ0BO,B00FR6VL50,5.0
A2503LT8PZIHAD,B0085RV068,4.0
A3U029B8Z5WGI2,B00ACP3OOM,5.0
ABE5E8B3J7MKY,B00829THK0,5.0
A30KPB2ILF6K6J,B0039BPG4C,4.0
A1NAA1R38JSNHV,B000ID7QNI,4.0
A1J75JJ0Q2OEJN,B00BNK3JWM,4.0
A19UTUEBWKIZFT,B00AAU54TW,5.0
AVJORH3ACR2A5,B0001FTVEK,5.0
A11EXFO14WEJM1,B001EPVOQY,5.0
A12DQZKRKTNF5E,B00DTZYHX4,5.0
AMS2CPERWN7JV,B0079TOET8,4.0
AGLT3L7ALL4O4,B000EEQ83K,5.0
ARXU3FESTWMJJ,B00BJOUFY2,4.0
A3S0EHEIR52HP1,B000J01I1G,5.0
ASJSX783R5HTZ,B0076AYNXM,3.0
A20UU20K7M9ZPF,B0015DYMVO,5.0
A12R3YGEHW7D8G,B001TH7GVE,5.0
A1T1YSCDW0PD25,B005CT56F8,4.0
A316XO4RWX21YN,B00D5Q75RC,5.0
A30X750M8V1XXW,B0043M668G,4.0
A2JE071UW97J2A,B003EYV224,2.0
ARBKYIVNYWK3C,B00347L6I6,4.0
A3A4ZAIBQWKOZS,B00CELZD8C,5.0
A25QJBK33C4O0R,B00BOHNYU6,4.0
A17O9AHKHK66AI,B008Q60VZ4,5.0
A20H1M28WLI9J2,B000WKW69Q,4.0
A19HT7YC1UW3D6,B004G6002M,5.0
A3V15SFD7918WZ,B008VMT2EE,4.0
A23GFTVIETX7DS,B002CMLDT6,4.0
A206CGM6J75UJY,B00007IFED,5.0
A2WBVO6X3KPMDT,B00752R4PK,5.0
A38RMU1Y5TDP9,B009MAKWC0,5.0
AGILRZOT49R0V,B001TH7GSW,5.0
A2NOIWPJDD7WIQ,B000HJ5N2Y,2.0
A25C2M3QF9G7OQ,B005YR0X4W,3.0
AVPNQUVZWMDSX,B001TOD7ME,5.0
AFFVUZEGP1FDQ,B003Y74AXO,2.0
A23GFTVIETX7DS,B000CNPAAA,5.0
A1R19YYR5OR26T,B007BJHETS,5.0
AYB4ELCS5AM8P,B00G4UQ6U8,5.0
A1P0JSFW184ZXJ,B004IA6N5E,4.0
A3SP7T2PZ3HSDE,B000BWACX2,5.0
A2HRHF83I3NDGT,B005EWB396,5.0
A145LBW8ZHF0TW,B000067RC4,5.0
A2BMZRO0H7TFCS,B0039NLS4C,4.0
A2PMR2PIGWKCQ9,B00J4O1YBW,3.0
A1UMSB7LAW0RIR,B0060DVXZC,1.0
A3V2EZ6MA32FF6,B003GAMO6Y,3.0
A3EZFFPVS34AMO,B000I1YIDQ,5.0
A2KOV8XWZOZ0FQ,B005BZNE2U,5.0
A11LNPG39A2ZV4,B003FMVCRU,4.0
AEFTIUQHSVUFX,B0075SUK14,5.0
A2PK64OVZA1U8Z,B0021L9C0A,4.0
A12EVK82QUTSA6,B002YU83YO,5.0
A3PDWA32BAMB2Y,B005755U0I,5.0
A149RNR5RH19YY,B00007KDVI,4.0
A2T24Z5QP2OMXU,B00GV4UHDO,5.0
ANRS196NKFVUU,B0002D6QJO,5.0
A2CWIYIETNBAK3,B006K556FI,5.0
A3VBXQKRM7A4JR,B002BA596W,4.0
A2VH0UT5EQFB6P,B005EJH6Z4,4.0
A105S56ODHGJEK,B006C248BC,5.0
A7KBAXO177NND,B003M349VS,5.0
A1V4VVBQBFXRHC,B00829TIA4,5.0
A2HRHF83I3NDGT,B000BWACX2,5.0
AGR1V15L6FLMA,B009WU5XUG,5.0
A1EXGL6L0QQ0M5,B00D1GYNT4,5.0
A9J4UURM4OSDW,B003QHXZM4,4.0
A3N0P5AAMP6XD2,B004RKQM8I,4.0
A2FRKEXDXDN1KI,B00BSEV682,5.0
AFFVUZEGP1FDQ,B005NHTG6O,4.0
A2DS9DLMSU2M2Z,B002JPITXY,4.0
A1QVFHPY8418HC,B00DW9U3B2,5.0
AR1T36GLLAFFX,B001MT8J4W,5.0
A1Z3598J0371ND,B000WXSO76,5.0
A3MU9G6YWKTGTA,B00006B7DA,4.0
AX7317G153T8W,B00CEB5QU2,4.0
ANTGGAQYPSWHF,B004AGXHKK,4.0
A1F7YU6O5RU432,B00DU6RX60,4.0
AL9WKVMRI6GFB,B00G6CLN3Y,3.0
A3SX5MZTCZRQLF,B001UAB4TU,3.0
A680RUE1FDO8B,B006TR0FCQ,3.0
AGVWTYW0ULXHT,B00D741DRK,4.0
A2TRXEZYU9GYY8,B000LP0R3E,4.0
A36K2N527TXXJN,B004X68JPK,4.0
A1YN5I4FINMBTI,B0041OSQ9I,1.0
A2WLNSZ9U0T1S3,B001UE8LU6,4.0
A1OMXVXXP07F05,B005D5M136,5.0
A1QVFHPY8418HC,B004T9Y0MW,5.0
A2KYRPDKVBI2R4,B006YLYYZ6,5.0
AFQBS241UKPAZ,B00834SJNA,5.0
A2HMF8ZR67BNZS,B0015EWMX8,5.0
A2DG63DN704LOI,B00IYU7XTE,4.0
A1HFT68GJ42LTM,B00E83H6FW,5.0
A3DWO5RJDA430F,B00GRNUO2I,4.0
A54SG05AV6S4H,B00A35WYBA,5.0
AT28RL25Q2OLK,B0089E5R0W,5.0
A1EH2S92FHWZRP,B0035FZ13I,5.0
A1VQHH85U7PX0,B007X3VEBG,1.0
A1YN5I4FINMBTI,B0064Z71T8,5.0
A27B1U3OWCU14J,B0002WPSB2,4.0
A2CIQEY05SPHTZ,B002BDU89M,5.0
A1LD5SE8IZ1H70,B00EB7UIO6,5.0
A2NVQZ4Y7Y0J1R,B000NOEDGK,5.0
A1GYEGLX3P2Y7P,B00B9AB26G,4.0
A12R3YGEHW7D8G,B0099SMFVQ,5.0
A3J029KBNG5MNP,B009YT6PPC,5.0
AUITG1DJ3QUGK,B002TOJXK8,4.0
A2BYV7S1QP2YIG,B00ENZRS76,5.0
A3639Z6O5JBLIZ,B00DR0PDNE,3.0
A19RW25Q6206I3,B003X26LYG,4.0
A17NVM7IAPF2NS,B003MAJMXQ,5.0
AV10H5K6VPQIJ,B003XM1WE0,5.0
A3AVJCB1ZD6ZY5,B0061JPXLU,5.0
A3P1508PZ0UADD,B0030XXH1S,5.0
A2HBOG4LVIY15L,B00B8KWMKW,5.0
A3SRDVCD2ATIIS,B000SMVQK8,5.0
A4UGMKUSX9XHI,B00D1GYNT4,5.0
AOEAD7DPLZE53,B008V4TFDK,3.0
A95PWI4S6WHGL,B007WTAJTO,5.0
A197T2N6RU7K56,B003NRHAH8,5.0
A680RUE1FDO8B,B005HTIWF4,5.0
A2JMJVNTBL7K7E,B002J9HBIO,4.0
AXU3VKZE848IY,B0026L7B94,2.0
A2D1ZQEFS1NBH2,B000IJV4BC,5.0
A7EU2BWLLCJY2,B008HU9R7W,2.0
ACH055GTTIGC9,B00009V6U0,5.0
A1H55L0BLPCWYF,B004N625BY,5.0
A1MQQEM7W77L62,B008EC4O76,5.0
A3CW0ZLUO5X2B1,B0054QNL38,3.0
A2QIC4G483SQQA,B004S7Q8CA,5.0
AVTJEWTCJ3PBE,B0044DEEJC,5.0
A32482Z7XIKDQX,B009O7YUF6,5.0
A2V9DTXTQ5YIMK,B002TLSOFQ,5.0
AQ3IN3MRXQ5KH,B004OB0EBQ,3.0
A25C2M3QF9G7OQ,B008DWCRQW,2.0
A3KCKECEO3E2AN,B003VAHYTG,4.0
A1Z16630QMH8Q6,B00C9TECFO,5.0
A2W9I628I6SE1U,B001DJ7Y2O,4.0
A1J75JJ0Q2OEJN,B004TLH6GM,4.0
A1LHMSY3Q46PJS,B00001WRSJ,5.0
A11I1I9QLMAM1A,B008X9Z528,4.0
AVPNQUVZWMDSX,B005PQ1V20,5.0
AR3EVUQF0AC7R,B007SHJIO2,4.0
A31RULW0KNYJ5H,B0051BG48U,5.0
A19NP8YYADOOSF,B0018DQYQ2,5.0
A20OBCQWBKCGZT,B008OPSWHQ,3.0
A1VTCSCH8FFC76,B003HIXPGS,5.0
A33SX0AD5PYD9B,B00F69PXL6,5.0
A1VQBEW0G4IH1J,B0097CXWUW,3.0
A32T2H8150OJLU,B001SAJ1VA,5.0
A12LH2100CKQO,B0014L4ZKK,5.0
A3VBZDYGHF4NK8,B001HN5HOS,4.0
AN9WA4C5E7YY5,B005KSAG3S,5.0
A8P6GIIQ6YQV8,B001MSU1HG,5.0
A30X750M8V1XXW,B0000BVYTV,4.0
A1OH33MR6K4G5J,B005TJAXN6,5.0
A2WLNSZ9U0T1S3,B005X9Y0YU,3.0
A2NJQF2UI60VGT,B008OEHPKM,5.0
A132ETQPMHQ585,B0000AI0N1,5.0
A3T4OHEAHOJ700,B00902SFC4,4.0
A3QNX5KWHDV0GD,B00009R6VO,3.0
AAK6SOEJY30YG,B0049P6OTI,2.0
A6XDZ1MJ0B1A2,B00D7P6176,5.0
A2Y29IRSI08F0I,B004ZGN6MY,4.0
A3JV071KO43Q5X,B004Q7J4W8,5.0
A2L4ZGN7GZJ95T,B00E5UHRIO,4.0
A186697K4XKXQL,B003MAJMXQ,4.0
A8CKH8XB33XGN,B0044XTJ10,5.0
AETQIN7OH0RL9,B0062XB9FE,3.0
A3R33KMESG0XGQ,B0058D8D3K,4.0
A1EH2S92FHWZRP,B000EPNDEG,3.0
A3QU3O79AGNWCY,B001KC08A4,3.0
A3TBMAWIIHKHFN,B000WOK2ZM,5.0
AGJRUK27RBVYS,B009O7Y8ZI,4.0
A1U4GOVZWL8ZTL,B001FVI91U,5.0
A3Q4TYJVAM4IRM,B000EMWBT2,5.0
A33775AIB1A664,B0003QIXBY,4.0
AUK79PXTAOJP9,B0096239EC,2.0
A27QXQQOLAMRRR,B00GO1UV4E,4.0
A37IRE9GZ0CZ7I,B00DN27H58,1.0
A1V4VVBQBFXRHC,B00316263Y,5.0
A11EYMH9UV9XG7,B001OOZ1X2,5.0
A2HDTOF8222KN3,B00081A2KY,5.0
A2TMFC9O3ZCNKE,B007BCIJP8,4.0
A20ZM879PCQQEZ,B003WOL4VK,5.0
A4GHPW9AAH1NY,B001EPVOQY,5.0
ABQWMANK4AR63,B009XN9GQY,3.0
A2K5RRMPICZ606,B004K1EOCA,4.0
A2Z9S2RQD542CP,B002WE4HE2,4.0
A3EZEP0FX5BC1P,B0046RE21G,5.0
A3HCMJOGRRSAF2,B001FWBUUG,4.0
A3R4794K2RVU1S,B002QEBMAK,5.0
A19W47CXJJP1MI,B00511PS3C,5.0
AQR4HPVSOPS08,B004CAHTCQ,4.0
AW3LX47IHPFRL,B002JPITXY,2.0
A4U27URFECK1U,B0097FZRYI,3.0
AT09WGFUM934H,B007WTAJTO,4.0
AOTZOHB2LZGYR,B000UEZ36W,5.0
A3JNBO7H2SPL44,B005SEZR0G,5.0
A33PVCHCQ2BTN0,B006Y3IDYC,3.0
A1NRMTQ5SZPZA,B005EJLG28,5.0
A1BT6TL7UCIC5Y,B001OOZU8I,5.0
A36K2N527TXXJN,B001TH7GVE,5.0
A28UMA3GW9L124,B004NY9UV4,3.0
A2NSMJVQY0RV9S,B005DKZTMG,4.0
A1ZTR0FR5AW9B4,B002VPE1QG,3.0
A2X61KKXXR6WNP,B000IZDN60,4.0
A25QJBK33C4O0R,B008ULPAT2,3.0
A3T7V207KRDE2O,B004JMZPK0,4.0
ATFBVUXDIRXT6,B00829THEG,5.0
A1TR1R2QKWRSRA,B008ULPBJG,4.0
A9LNWA25IM2DX,B0031RG29M,5.0
A4UGMKUSX9XHI,B004HD4L1U,5.0
A1VTCSCH8FFC76,B005CWJB5G,4.0
AZNUHQSHZHSUE,B004352QXM,5.0
A1ROUMJOGO4QMB,B002VR6A9K,1.0
A2GYV87WW0DMSN,B00803N2AY,4.0
A2Y29IRSI08F0I,B004J3ZV62,5.0
A84FLVDK2R5JF,B006DEBYWU,5.0
A2RS66Y79Q8X0W,B001KELVS0,5.0
A3IRA0BHI9NE9U,B004G6002M,5.0
A361U4SXK7FCQE,B005L38YX6,3.0
A3VONQL7YW8UPM,B009K62HQ0,5.0
A3H6NNGCINPLEC,B0078J2HS4,3.0
ABIVKBMSIPEDY,B00GV4UHDO,4.0
A3B20R4ZAH0Y2Y,B001HN5HOS,4.0
A6VXZ1EEPRTLV,B000R9AAJA,3.0
A1ZBEIL78MLR9Z,B002FU5QLQ,5.0
A17NVM7IAPF2NS,B004PEIG12,1.0
A2ZWJVKITA32OV,B000Z9R2QQ,5.0
A2JKM8KF3296CW,B004PNAA44,3.0
A3S3R88HA0HZG3,B0079UAT0A,5.0
A2FRKEXDXDN1KI,B0076MBOC8,5.0
A3VI2VETB90ZG5,B00CRY250U,5.0
A2WC9NFLG57W4H,B0035JJJQE,1.0
A21I62TCDL4754,B007BJHETS,5.0
A19EKT8H85AKO5,B00834SJSK,5.0
A1ZVFCPHCWFV71,B004CLYEFK,4.0
A1TQBAHI3M4ZBQ,B0054U6CEE,5.0
A3CG93783LP0FO,B000JMJWV2,5.0
A4H4KYSM2KQ85,B008OEHPKM,5.0
A33XMCG1UFDSY2,B002RM08RE,5.0
A680RUE1FDO8B,B0015AARJI,1.0
A3BACUOZV1M0WM,B007BJHETS,5.0
A3UW0PQLDUACMH,B003ES5ZUU,5.0
AB094YABX21WQ,B0018M7ZES,4.0
A3VTOLNB5N6FVP,B0063705PE,3.0
A6FIAB28IS79,B00176TEGM,5.0
A1RPTVW5VEOSI,B003SX0NFI,4.0
A1E1LEVQ9VQNK,B005O9YMM4,5.0
AYLLSFYS3UP1H,B0043RS864,5.0
AT28RL25Q2OLK,B0042X9L6A,5.0
A19EKT8H85AKO5,B000SMVQK8,4.0
AM0QLU79O05JR,B0099SMFP2,1.0
AGVWTYW0ULXHT,B00ADG5FLK,3.0
A3JV071KO43Q5X,B008LCYIEI,4.0
A24HWYHR28JJ7A,B002YTDE5I,5.0
A3VZH0PWLQ9BB1,B006MBP7T0,5.0
AGXMC3ITWZASE,B00007EDZG,4.0
A25C2M3QF9G7OQ,B008BH5D6K,5.0
A1H98YV5K5BUX0,B003DC8D8I,5.0
A3U6J0DLLDEWM2,B0007RV3IE,3.0
AGVWTYW0ULXHT,B00691WMJG,5.0
A2AY4YUOX2N1BQ,B002VG39BI,3.0
A2KHG3JOFXQ4CE,B005KG44V0,2.0
A17NVM7IAPF2NS,B000E6G9RI,5.0
A1SDPA1J98UP4L,B00BGA9WK2,5.0
A2SH7OWE8QJYNC,B0051G5SBY,5.0
A2JMJVNTBL7K7E,B00GDL2PPI,2.0
A25C2M3QF9G7OQ,B001CHHVCU,3.0
AEJAGHLC675A7,B000NDBRJC,5.0
AGFSSC5DBY2HU,B00604YSNK,5.0
APQQK1V695AUE,B000H7NVX4,5.0
A25UZ7MA72SMKM,B005QCDY50,5.0
A3EZEP0FX5BC1P,B00EMHVVNM,5.0
A13WOT3RSXKRD5,B000A0CV9S,5.0
A1J75JJ0Q2OEJN,B003Y74AXY,3.0
A3AYSYSLHU26U9,B00BAM2PJQ,5.0
A2S26YGSVXBCFL,B00EYTM3DK,5.0
A2RN2AO4BE6F4K,B009P2S4G6,5.0
A19XPAWSWDRI3B,B000O8I474,4.0
AMS2CPERWN7JV,B003UT6C9G,4.0
A1WUQF5HWBAQJU,B00C2P61FO,4.0
A16J281SJ9QXIQ,B00FNPD1VW,5.0
A1KXJCXS6HFRQZ,B000P6J67C,4.0
A1NNMOD9H36Q8E,B00007EDZG,1.0
ANEDXRFDZDL18,B008MF48J4,4.0
A2FXBWR4T4OFQ,B00006JN3G,5.0
AAK6SOEJY30YG,B0002KVQBA,2.0
A36MP37DITBU6F,B009T0NLYO,1.0
A1ZPY91VE3IDN1,B00HRO3IBA,4.0
A250AXLRBVYKB4,B001TH7GSW,5.0
A253IOATGMT2UP,B0071BTJPI,5.0
ADKZOXAOV8EXD,B004M8SSZK,1.0
A2RN2AO4BE6F4K,B005DSPLCQ,5.0
A3HSDV9Y0TV5Z2,B0047T79M2,5.0
A3J3ZHGDUDPCFL,B00F69PXL6,4.0
A23GFTVIETX7DS,B002669XKY,5.0
A25QJBK33C4O0R,B00884WH74,4.0
A3OXHLG6DIBRW8,B004MS0DIK,5.0
A225G2TFM76GYX,B00EOE4G4E,5.0
ASJLXOX1VD4DF,B00AJHDZSI,4.0
A19W47CXJJP1MI,B002ZRPYC0,5.0
ARXU3FESTWMJJ,B00BF9MUAS,4.0
A1KKE6VX8VPWZK,B004XZHY34,5.0
A11KZ906QD08C5,B003GR6IUK,1.0
A2MCRCK1V61FWQ,B002YTDE5I,5.0
A31N0XY2UTB25C,B000067RT6,5.0
AC1YLEFC9AN5X,B001TOD7ME,5.0
A1OMXVXXP07F05,B0046TJG1U,5.0
A3CJ7MHAS9IMAM,B000V5P90K,4.0
A2T3S3VTW65VO5,B002IWP87S,5.0
A1UNJ46NSB352E,B001BM5XB2,5.0
A31N0XY2UTB25C,B003AJXUTQ,5.0
AGVWTYW0ULXHT,B0038KN114,4.0
A3F9CMU8KNAY1M,B002HWRJY4,4.0
A3V5F050GVZ56Q,B0038JE07O,5.0
ADLVFFE4VBT8,B00HZT1T5E,3.0
A10NMELR4KX0J6,B009NHAEXE,4.0
AG6TX1ZJHLMO7,B0015VW3BM,5.0
AXR3CV6A4FMBG,B005EJH6Z4,5.0
A3IK2VCQ007CJ,B004477D0A,1.0
A1EQ5D5JRSW23K,B00JC5Y6WM,5.0
A7FDGFK0KN7QG,B001BTCSI6,5.0
A2L36AGL8CKY3D,B002WE6D44,5.0
ABUE0ALHKWKHC,B00DIFIM36,5.0
A19W47CXJJP1MI,B005HTIWF4,3.0
A2AF0NOCM71J0B,B00G5RDU5O,5.0
A22MANL4US4RMY,B002UT42UI,5.0
AE88D7OM7YU99,B00829TIA4,5.0
A3G007LQX6KGOD,B002MCZJ78,5.0
A1CMWB7AWQUQH4,B00505EZZ6,4.0
A32AFX2PUJ82HG,B003LZYXYU,3.0
A3R19YKNL641X3,B002MCZJ78,4.0
A27H61OHW44XA7,B00007E7K9,5.0
A1KKE6VX8VPWZK,B0019MEIOM,5.0
A1B0NL8UWAELI7,B004C3AW40,5.0
A377LPVLLAI42D,B000UF3FT8,1.0
A10Y058K7B96C6,B002HWRZ2K,4.0
AMKNPIDFLRFMP,B0002CPBWI,1.0
ASJLXOX1VD4DF,B00IF0KJTE,2.0
A36K2N527TXXJN,B004444O5U,5.0
AQIJ3ZEEVCIKU,B001NEK0P2,5.0
A4U27URFECK1U,B007X3VC9A,5.0
ADKZOXAOV8EXD,B0099XGZXA,5.0
A357B3PUHSVQA,B005HEUUEA,5.0
A100UD67AHFODS,B004V3KCJG,1.0
A2SH7OWE8QJYNC,B004MSQZUU,4.0
A2NLI1M5K2MQ5E,B000DZH9H4,3.0
A12DQZKRKTNF5E,B00DK9N154,5.0
A3LDLV1GWQJLEQ,B0081OY8B4,5.0
AO8NH0BV82XIE,B009EIUH6G,4.0
ACJT8MUC0LRF0,B004FPIO18,5.0
A10Y058K7B96C6,B003M8HWDA,4.0
A1ODOGXEYECQQ8,B0035JJJQY,2.0
AAA0TUKS5VBSA,B007B6YPAW,4.0
A38NELQT98S4H8,B007RNCLBY,3.0
A200RY2ELZL2Q3,B0052RM8T2,4.0
A27GITTN6AVW5I,B0095P2F1S,4.0
ACHTDPEQYSEQL,B002HU39BS,1.0
AXYM52DNK6NDF,B00AVBDGHM,5.0
A3D5B2CBFNJB0K,B003XMAD22,5.0
A1MBXP3NZM2BUO,B00DYVK304,5.0
A6KL17KKN0A5L,B001KN6WL2,5.0
A1F9Z42CFF9IAY,B0007MXZB2,5.0
A1ODOGXEYECQQ8,B0076MBOC8,5.0
A3G7BEJJCPD6DS,B001MVKZOC,4.0
A3T7V207KRDE2O,B002JCSV8A,4.0
A2W9GX82SLKROQ,B0016IXEWG,4.0
A353U0L2HAMSHV,B00F1CRTJM,5.0
A3FS3FJPD3RJTD,B004YAVDTE,5.0
A1TR1R2QKWRSRA,B008ULPAT2,4.0
A28N2AWOVO2PB,B0081TXIXI,4.0
AZBXKUH4AIW3X,B006U1YVZ8,4.0
A3QDY9I0CNMD2W,B00009MK5M,4.0
A15QYHQH80W30L,B005LFT3GG,5.0
A38NELQT98S4H8,B000NAXC6G,5.0
ADLVFFE4VBT8,B002DEM9HI,4.0
A3H6NNGCINPLEC,B0043D2ICS,4.0
A27QXQQOLAMRRR,B007X3VEUW,4.0
A74UT8IQCM0I2,B00CEZBKTO,5.0
A87N6UTYA6NOB,B002U1N95K,4.0
A3IUW081KXD3PE,B0021AFZOI,5.0
ATFBVUXDIRXT6,B004N6259G,5.0
A1X3ESYZ79H59E,B007X3VC7W,5.0
A33YZNZIRA3H97,B00E8CF0CE,3.0
A32482Z7XIKDQX,B00GTGETFG,4.0
A2ARDVMUGDFED6,B000KZ70JE,5.0
A3FBM0RMCMAABV,B00F6E8OUS,5.0
A11IXJ8M1JO296,B003EN2VJI,4.0
A292TRC6DX2GKK,B00081NX5U,5.0
A2HMF8ZR67BNZS,B00483WRZ6,5.0
A1VFX417XDNWIU,B0043T7FXE,4.0
A1O229NVVDJUX2,B00BOHNYTW,4.0
A200RY2ELZL2Q3,B00CEB5QU2,4.0
A27H0T39U3FZB5,B00D6XW62I,5.0
A1P0JSFW184ZXJ,B0050A1O64,3.0
A212MDP6K4VJS5,B002QEBMAK,5.0
A3T7V207KRDE2O,B007KB0EGC,5.0
A3P1508PZ0UADD,B000VWKSHM,5.0
AONUCJBC85BL,B0007SXHP0,1.0
AW6J9IILGOZY3,B00DTPYQBM,5.0
ASJSX783R5HTZ,B00003CWDG,5.0
AGYH5U11ZKPFB,B003FVVMS0,5.0
AHROSV6WJOEGY,B0010YWPZ8,4.0
AQSV34W54L0VO,B007WTAJTO,5.0
A23ZNGL704AW7O,B006MB9AEI,5.0
A5CDMTW6JKV5G,B001UEBN42,5.0
A3UW0PQLDUACMH,B00BPHH8MA,5.0
A1MFAPVBW9BEGD,B00CRFK24K,5.0
A12EVK82QUTSA6,B001KB6Z2U,5.0
A2I357I10ZY7CI,B003U7SR0U,5.0
AGLT3L7ALL4O4,B003OBUJIK,5.0
A28RSMADFCBJDT,B000N7VPRW,5.0
ANTN61S4L7WG9,B004CLYEDC,5.0
A2FXBWR4T4OFQ,B00007GQLU,5.0
A54S9CIUV5VNB,B00004ZCJE,3.0
A3VONQL7YW8UPM,B00BDS3N1G,2.0
A226VGZWOEBPGL,B000VRYLU2,5.0
A1VHCO8RQFIGQJ,B008I646WG,5.0
A3UR2N0ATGBCU8,B003ZKG10K,5.0
A1KKE6VX8VPWZK,B00080DSEM,4.0
ABQWMANK4AR63,B00A0ABQLM,5.0
A105S56ODHGJEK,B00AZFMORW,4.0
A3CP3J7OEGQMD5,B0044YPN0A,5.0
A1ITRGMT80D5TK,B00G28IP38,4.0
A2ZFFSJ0VM6KSJ,B00622AG6S,5.0
A21S26XYPGXJZX,B005IHAIC0,5.0
ASJSX783R5HTZ,B00004ZCJE,2.0
A3BVN2QBNPBHCR,B00C8OT7FK,3.0
A1IU7S4HCK1XK0,B004ZP74IM,5.0
AW5JSQCHC2ZJO,B003YH9EZ8,4.0
A2ZY49IDE6TY5I,B00BDRX7ZE,3.0
A2X3L31KCXBHCL,B00BUER7EC,4.0
A141OPVE376YFI,B0001FTVEK,5.0
A2LEIANN1UZTHP,B004SBBD1C,4.0
A2RIXSMGE9VIBG,B000MQNMQ6,4.0
A2BMZRO0H7TFCS,B009SYZ8OC,4.0
AGGAQLXPVGM5D,B00359EXYM,3.0
A1N5FSCYN4796F,B0015L0T68,4.0
A3FS3FJPD3RJTD,B008X1BV2Y,4.0
A3A15L96IYUO6V,B001IBMLKM,2.0
A3PGVJF37JSHFO,B0000642RX,5.0
AHF4I1FSIHABC,B00009XVCZ,5.0
A2WLNSZ9U0T1S3,B008DWCRQW,1.0
A2VODABWSVHV8E,B002JCSV8A,5.0
AG6TX1ZJHLMO7,B0066636AS,2.0
A3HXGSMCIOZEW8,B0097BEF1S,5.0
A3IY316DRNF5F2,B00005K47X,4.0
A1KKE6VX8VPWZK,B002MCZJ78,5.0
A2EN82VBJT44QP,B000KO0GY6,4.0
A3HCMJOGRRSAF2,B003XIJ3MW,5.0
A1R377IPZOKLMM,B00IORDBPC,4.0
A2FXBWR4T4OFQ,B002O3MVYO,5.0
AWPODHOB4GFWL,B009NZ6SZE,5.0
A27H0T39U3FZB5,B000VUIXOO,5.0
A2GOHNFBHUU3UI,B001F8SCRE,5.0
A3S3R88HA0HZG3,B003ZBZ64Q,5.0
A18HE80910BTZI,B0066CHKMW,4.0
AIJQU979J6UFY,B001G5ZTPY,5.0
ABIVKBMSIPEDY,B0002WPSBC,5.0
A4WEZJOIZIV4U,B0002XQJFA,5.0
ARIDN94LOCQFD,B00429N18S,5.0
A250AXLRBVYKB4,B001RB1QWW,4.0
ACJT8MUC0LRF0,B00GTLN1BO,5.0
A96JD9312DHWC,B00C28L51G,5.0
A4H4KYSM2KQ85,B002JCSV8A,5.0
A27M75LRSJ788H,B003ES5ZUU,5.0
A1DSRM2P0WGQNS,B0030MIU16,5.0
A3KZEGBTPH6MMF,B004YLCBRG,5.0
AMKNPIDFLRFMP,B002SZEOLG,2.0
A3V0YR50F1XSKP,B001TH7GSW,5.0
A2PSD2R9A1CXG7,B004SKBJYE,4.0
A3LWC833HQIG7J,B0019EHU8G,5.0
AE88D7OM7YU99,B0050JS1QG,5.0
A13WOT3RSXKRD5,B0026MF17C,5.0
A3A4ZAIBQWKOZS,B00JOS04PK,5.0
A4WEZJOIZIV4U,B005HMKKH4,4.0
A2ZDY0V4Q1SZD7,B004GF1PC2,5.0
AY3D7DG5L5WCK,B00EUFP39E,5.0
A3QD59N3M7O7KB,B003YTROIU,4.0
A1HYH206E18XVC,B003YKG2UK,5.0
A2WC9NFLG57W4H,B00BCEK2M4,3.0
ABE5E8B3J7MKY,B00AXWOLO6,5.0
A2WW57XX2UVLM6,B002LF2PQO,5.0
A3FS3FJPD3RJTD,B002JCSCYS,5.0
A2OBDNQ5ZYU1L8,B001VMAYAM,5.0
ASJSX783R5HTZ,B0041L3JS4,1.0
AYB4ELCS5AM8P,B00DBX371C,5.0
A36IHC0K68NS2,B00GDL2PPI,4.0
ADLVFFE4VBT8,B00DDH4TYA,5.0
A1O229NVVDJUX2,B00CHHCD0E,5.0
A1ODOGXEYECQQ8,B0018MEBNG,4.0
A36A1ZYZH8568P,B00GMEL0TI,4.0
A3W4D8XOGLWUN5,B002L6HE9G,2.0
A2T689YVOAYGGD,B0056TYRMW,5.0
A2AFTRU43PY9P5,B0015DYMVO,5.0
A1FLJCHN5CG5M5,B00017LSPI,5.0
A1J5HIF41ENSMZ,B00HFRWWAM,4.0
AVSMRPI23DQI2,B0007QKMQY,5.0
A21VM9WVF8EOSJ,B001G0WPLK,4.0
ANTGGAQYPSWHF,B004Q3R9AQ,5.0
A3BVN2QBNPBHCR,B000089GN3,5.0
A3S5EXYZDEBF3K,B009SPUY5O,3.0
AT2J7H5TRZM8Z,B00006LV79,4.0
A27M75LRSJ788H,B002RCNX8K,5.0
A1J75JJ0Q2OEJN,B008MWBY6W,5.0
A18HE80910BTZI,B00BEHQKPC,3.0
A3N4VTNFPMTHEF,B00AWRPIWQ,3.0
A680RUE1FDO8B,B0018O9JIG,5.0
ARX7Z3NI6O0F7,B008AL9VXI,4.0
A2AX2UGB167J31,B000EVSLRO,5.0
A35X2JJI49OBZP,B00B4OCWE8,4.0
A3223W5IROMYTY,B009NB8WR0,5.0
A2HRHF83I3NDGT,B000WOK2ZM,4.0
ADOR3TR7GDF68,B0096YOQRY,4.0
AO09RWV40IX78,B00FLZ2F5W,5.0
AIJQU979J6UFY,B007JCNOHI,5.0
ANTN61S4L7WG9,B00E0HITQ6,5.0
A3MQAQT8C6D1I7,B002LLK5CO,5.0
AYNAH993VDECT,B004P8K24W,3.0
ATMQEI1LKR6VB,B000RZDBM2,5.0
A1NGFGBX2VCQS8,B00CF7E0R0,5.0
A18S2VGUH9SCV5,B000E0I9K4,4.0
A2HMF8ZR67BNZS,B00834SJSK,5.0
A3QNX5KWHDV0GD,B000FKP7TY,2.0
A1H4IVXNXWWBLV,B003YH9DZ4,5.0
A4H4KYSM2KQ85,B00B2HCLL6,4.0
A19FRW264WZTGP,B0092MD8OW,4.0
A2N75ADJSRW0AH,B0042VSTZQ,4.0
A2QI2NTDTMK2FV,B00B4OCWE8,4.0
A26BDXG9KVH7SU,B0097CZHAU,5.0
A1UTM65Y3G9HUL,B00AXZWG8Q,3.0
A376OJHLE6SU9Q,B0002L5R78,5.0
A35KBAQ4VBNQ6L,B0011YZJPA,4.0
A2UOHALGF2X77Q,B002R5AM7C,4.0
A7UPJYPAH73NC,B005DM9BGE,5.0
A3HSDV9Y0TV5Z2,B001E1Y5O6,5.0
A2RN2AO4BE6F4K,B008DWCRQW,5.0
AMUP8DYE7EAN2,B00A0JUNYY,5.0
A3BY5KCNQZXV5U,B002ISXBFI,4.0
A11I1I9QLMAM1A,B004CLYEE6,4.0
A24P4E3RJ6AX94,B007WTAJTO,5.0
AV9PIER7NE448,B001NJ0D0Y,5.0
A1P0JSFW184ZXJ,B003FMVCRU,3.0
A17V9XL4CWTQ6G,B0051BG48U,5.0
A3CEUT263RNUDO,B00DQEB1V4,3.0
A2IFGGXG3YV3Y6,B008OEHPKM,5.0
A1E3OB6QMBKRYZ,B0047DVRQW,4.0
AEWYUPCNDV7HY,B001DJ9GOS,5.0
A1EVV74UQYVKRY,B000S5Q9CA,5.0
A2OKRGHIYTBQ6P,B002NO7PWC,5.0
A30JPZ9TZ7I61U,B000WOIFGU,4.0
A26BDXG9KVH7SU,B0079R8KO0,4.0
A1VQBEW0G4IH1J,B001QXDN5O,4.0
A1DTCJV6KOMJOA,B0035FZ12O,5.0
ATNOI7E8GTIVE,B0012YFXSW,5.0
A1VHCO8RQFIGQJ,B003SQEAY0,5.0
A34DQINHT6NYJU,B00EH6ZK9O,3.0
A3IUW081KXD3PE,B001PIBE8I,4.0
ABUE0ALHKWKHC,B002TOJXOY,5.0
A3E3EQ39FZTZEK,B004JWA70I,3.0
AHS6PX6H22WW1,B002TLTE7I,4.0
A2V5M5EJPOD2IU,B004T9RR6I,5.0
A84FLVDK2R5JF,B002LARRDK,5.0
A35HOUWHAYZZN6,B005DKZTKS,4.0
AFNG8O2DXRCUV,B003CGMQ38,3.0
A3MUSWDCTZINQZ,B0079UAT0A,5.0
ANTN61S4L7WG9,B008EQZ25K,5.0
A1VQBEW0G4IH1J,B004CLYEFK,5.0
A3NHUQ33CFH3VM,B0096239FG,5.0
A54SG05AV6S4H,B001UGMTKC,5.0
A1ZU55TM45Y2R8,B004WIUDGM,2.0
A2MOJANFPX353G,B000VZCEUI,5.0
A2Q2A6JKY95RTP,B005DKZTMG,4.0
A186697K4XKXQL,B0094S35W4,5.0
A1KKE6VX8VPWZK,B004X28I0A,4.0
A20OBCQWBKCGZT,B002TLSOGA,5.0
AVJORH3ACR2A5,B0064Z71T8,5.0
A3SU7JSTPH9CC9,B0081ER9KG,5.0
A1BT6TL7UCIC5Y,B00511PS3C,4.0
A1QJ10LEINDRWW,B0000E6I1N,5.0
A10X9ME6R66JDX,B0012GK3MQ,5.0
A2QRXQPHDMFCQV,B001T9N120,4.0
A240FRPD4MEXND,B00DTZYHX4,5.0
A3A4ZAIBQWKOZS,B0055MBQOM,5.0
A2Z9S2RQD542CP,B00BA8596G,5.0
A3CW0ZLUO5X2B1,B001O94GNS,5.0
A3AYSYSLHU26U9,B001UQ6F4S,5.0
AVPNQUVZWMDSX,B0019UGCLG,5.0
A1KDUQ2HU0WD68,B00IVFDZBC,5.0
A4WEZJOIZIV4U,B003ES5ZUU,5.0
AHD3NZHDUZ5I6,B0002J2TLC,5.0
A3G007LQX6KGOD,B00IORDBPC,5.0
A2WLNSZ9U0T1S3,B001P05NBA,5.0
A3RGJ1FXOB1ZLL,B008KEPWMY,5.0
A12ANFNOSMW5VD,B0034CL2ZI,4.0
A303SNZ4AR7TDQ,B007SZ0EOW,5.0
A1UL2JH7XOUGM5,B00FFJ0HUE,5.0
A23GFTVIETX7DS,B003H3HLEU,5.0
ARXU3FESTWMJJ,B0011FQURK,4.0
A3EXWV8FNSSFL6,B001UI2FPE,5.0
AR74YY08IP2WE,B00G53GJA6,3.0
A1W4F91DH3XPB2,B00DLKE8C2,5.0
A18S2VGUH9SCV5,B001AW8W7A,5.0
A30XZK10EZN9V4,B004AGX4YO,5.0
A1MZL91Z44RN06,B00354MVP0,5.0
A1Y85GQ09Y95JL,B004U78J1G,1.0
AWNJAY0M5UI70,B005OFFH5Y,5.0
A2JP9E1H0SF392,B00CZ0T5NG,4.0
A1H7Y5XKPGT0OS,B009T0NFTA,4.0
A35C2IVVQR1HTK,B00803N2AY,5.0
A16QODENBJVUI1,B00829TIEK,5.0
A3OIMUR42XIOFQ,B0057QETGS,5.0
A2HV76MYH7UL3S,B0098Y77U0,1.0
AW5JSQCHC2ZJO,B00CF7E0R0,5.0
A3EK2KTYHJCPB9,B0074BW614,4.0
A3INN916E4VION,B002WE6D44,5.0
ARX7Z3NI6O0F7,B004KU0RJK,5.0
A1BC62X6HZJGZR,B005DKZTMG,4.0
A2XJMQ2COPGWJH,B001AAVA08,5.0
A3NXJDNTQK2YJL,B00DTZYHX4,5.0
A2J8T58Z4X15IO,B001MT8J4W,5.0
A18HE80910BTZI,B002QEBMAK,5.0
AUCIFMWP3DU8R,B000N99BBC,3.0
A1A535TCGNMVPI,B003ZSHKJ8,5.0
A1F1A0QQP2XVH5,B0015YJOK2,5.0
A64LEAZ2QF8L2,B002V88HFE,5.0
AZ515FFZ7I2P7,B005MR6CLM,4.0
A1X1CEGHTHMBL1,B00081A2KY,5.0
A316XO4RWX21YN,B00945RAQY,4.0
A2DG63DN704LOI,B00EZ9XGGC,4.0
AFICF7DKHTQ87,B0097CXWUW,3.0
ADLVFFE4VBT8,B006GWO5WK,4.0
A225G2TFM76GYX,B0040702HA,5.0
A2XA8CW5DF4MNZ,B001TK3ACA,5.0
A1VOFY3QFT9WCG,B003MTTJOY,5.0
A21KNRUAA5RK5E,B002IJA1EG,4.0
ACHTDPEQYSEQL,B00JC5Y6WM,5.0
A4UGMKUSX9XHI,B00006I53X,5.0
A2PSC7LUNIDEAH,B003WOLM62,5.0
A1OA2ZW406NQXM,B00EI4V3X2,1.0
A35HOUWHAYZZN6,B0082821YK,2.0
A3MQAQT8C6D1I7,B003QHXZM4,5.0
AS269J1OGZT1V,B003GR6IUK,4.0
A37D1ZP8GBHE38,B004IBK3PE,4.0
A1143YEAZYMYHJ,B001FWXDZQ,3.0
A3OXHLG6DIBRW8,B000095SB4,4.0
A2S26YGSVXBCFL,B00EH6ZK9O,2.0
A3SMD3T0QTN109,B006EKIQYM,5.0
A24HWYHR28JJ7A,B001CBFTFM,4.0
A6FIAB28IS79,B002M78JA2,3.0
AM8W6Y3HVXLZT,B002VPE21A,5.0
A2WC9NFLG57W4H,B009WZRCO6,1.0
A1S27P7KJO9I96,B00091S0WA,5.0
A3L1VJMHFWONCB,B00006BBAC,5.0
A33YZNZIRA3H97,B005HY4UPK,4.0
A3KCKECEO3E2AN,B00CALM12W,4.0
A1W415JP5WEAJK,B00G4UQ6U8,5.0
ARIDN94LOCQFD,B004G6002M,5.0
A3AYSYSLHU26U9,B00FRBCSUW,4.0
A3T4OHEAHOJ700,B0007LJHVA,5.0
A2NYK9KWFMJV4Y,B00EKAPZ8S,5.0
A2UEB48LAWFUCW,B00EU9V3YO,5.0
A22S7D0LP8GRDH,B007PTCFFW,5.0
A361M14PU2GUEG,B004RDWVUS,5.0
A1RL1OTV8IJMVD,B00275XTSQ,5.0
A1DSRM2P0WGQNS,B003B3P2D8,4.0
A33775AIB1A664,B0041OUA38,4.0
A2S26YGSVXBCFL,B00I4EV0WQ,4.0
A2J96FILPQA01,B004DP2TC0,5.0
A1UNJ46NSB352E,B0056H9KKI,5.0
A21KNRUAA5RK5E,B0011UK2HE,4.0
AOEDWQLH2WKKW,B003M8HWDA,3.0
A38NHXL5257E3B,B004XC6GJ0,5.0
A3KZ7OH4VRL048,B00DCM91WQ,4.0
A23GFTVIETX7DS,B007BY0MIS,3.0
ANFJYYQ0P35CW,B0045371FU,5.0
A16QODENBJVUI1,B00GC1ZMYA,4.0
A2XJMQ2COPGWJH,B0009Y7APU,5.0
A1ZCSSCAGBCD49,B009AR2MQO,2.0
A1BJOHHLG0D965,B0019WF4FE,4.0
A27ADCSD15F3GL,B004CLYEDC,5.0
A14MZJTZAQS6CV,B00EIQTKAS,5.0
A2L4ZGN7GZJ95T,B008H9BXMK,2.0
A17BUUBOU0598B,B002OGMNT4,4.0
A1A306IAZ3TM1,B000ND75C0,1.0
A2EW01G2LNJN06,B001MT8J4W,5.0
AY6A8KPYCE6B0,B00CDGSNKS,4.0
A2LF07KCXDR70D,B007I5JT4S,4.0
A19W47CXJJP1MI,B00834SJNA,4.0
A376OJHLE6SU9Q,B004CZ9U96,4.0
A3EXWV8FNSSFL6,B00ENZRS76,4.0
A2NVQZ4Y7Y0J1R,B009NUK6S4,4.0
A2OBDNQ5ZYU1L8,B00EUFP39E,3.0
A3HQAPXAJV7PRX,B00825BZUY,4.0
AYO1146CBIV5C,B00BUHXQWQ,5.0
ABDR6IJ93HFIO,B00J3FHV4Q,5.0
A10PEXB6XAQ5XF,B006ZBWV0K,4.0
A30JPZ9TZ7I61U,B009HQCAPQ,5.0
A231WM2Z2JL0U3,B00006HYKM,5.0
A1SC5OXLQNGPLN,B002S53LJ2,5.0
A34JKODTSKCGEN,B002BW6DBU,5.0
A2LFWJ8X817QGX,B003LNZ1L6,1.0
AWNBZSEZ9P8BE,B008X1BV2Y,4.0
A3BKNXX8QFIXIV,B003VAGXWK,5.0
A39137LW12KK7B,B003ES5ZUU,5.0
A23GFTVIETX7DS,B00BQHD4B8,5.0
A1987V5OCO6QHS,B00CRFK24K,4.0
A23GFTVIETX7DS,B006ZS5AQA,3.0
A1R19YYR5OR26T,B0099SMFP2,5.0
A250AXLRBVYKB4,B005CLPP84,3.0
A3LZA698SQPCXE,B00426C57O,1.0
A1JWSDDIH5Z7DV,B00004SB92,5.0
ACJT8MUC0LRF0,B00B3YQGHS,5.0
AFFVUZEGP1FDQ,B001O94GNS,4.0
A1UMSB7LAW0RIR,B0062XB9FE,5.0
A1H55L0BLPCWYF,B009SQQF9C,5.0
AL9WKVMRI6GFB,B005JW6WQU,4.0
A1EXGL6L0QQ0M5,B00G024X32,4.0
A11T807LX2EF00,B0012GQZZU,5.0
A1H6SBO7R007I8,B002R2DCPY,3.0
A1F1A0QQP2XVH5,B005CWHZP4,5.0
A2JAEZ0FMAMJVW,B00EOI2TD0,4.0
A3NEAETOSXDBOM,B007FPIQ0E,5.0
A3MQAQT8C6D1I7,B00007GQLU,5.0
A2R1HUYHXV7H18,B00HSQAIQU,3.0
A253IOATGMT2UP,B001TH7GSW,5.0
A22CW0ZHY3NJH8,B00AGH81M6,4.0
A225G2TFM76GYX,B001SEQSDK,5.0
A1DO9LRCO23EOM,B0096J0WRW,4.0
A7EJERNB7IK3Z,B0025VKUPW,5.0
A1CSRR7FCKBL9M,B005CT56F8,3.0
A31HOWJKEIY037,B001E1Y5O6,5.0
A20OBCQWBKCGZT,B003LRVNUU,4.0
AT28RL25Q2OLK,B000L9OIQ2,5.0
A1XE3M22N91451,B001D60LG8,3.0
A2LB4FLRZG6CUV,B0081H8TRA,4.0
A1RL1OTV8IJMVD,B001NJ0WCS,5.0
A1R6RKKE44AYA8,B004TLH7C0,5.0
A3QNQQKJTL76H0,B00AQUO5RI,3.0
A1H98YV5K5BUX0,B0001GMIOE,5.0
A36K2N527TXXJN,B002Q8IHDQ,5.0
A10ZFE6YE0UHW8,B00H7F9IVI,4.0
A3R4794K2RVU1S,B002Y6CJJ8,5.0
A2PZXXPGLXXKZU,B001GQ3DP6,3.0
AVBLGXSWRN666,B001F7FMUA,3.0
A2TVH2OBNXYXHV,B001OC6DCW,5.0
A3U6J0DLLDEWM2,B007C0Y7RI,1.0
A2QRXQPHDMFCQV,B00G5RDU5O,4.0
A2V1J3JT5OOZFO,B00GTGETFG,5.0
A100WO06OQR8BQ,B000IF51UQ,5.0
A2NVQZ4Y7Y0J1R,B003Z6Q2JE,4.0
A2V7EO331SFUF6,B008IEGSGU,5.0
A18OTCHQ6MXD6X,B00009R72R,4.0
A3TBMAWIIHKHFN,B004G6002M,5.0
A197T2N6RU7K56,B001QFZMBU,5.0
A2BLFCOPSMBOZ9,B0002CPBWI,5.0
A1E3OB6QMBKRYZ,B001I45T9O,5.0
A3HR0ZZOFKQ97N,B00212NO6W,5.0
A2NYOY6H42SORF,B00429N18S,5.0
A1UQUDT2Q0YENM,B00452V66G,4.0
A18S2VGUH9SCV5,B004CLYE8C,5.0
A28BX3MM90A6FI,B004TJ6JH6,4.0
A2GOHNFBHUU3UI,B0074WDDN8,2.0
A3VTOLNB5N6FVP,B00FH66AW4,4.0
A1JZFGZEZVWQPY,B001VFUN82,5.0
AM8W6Y3HVXLZT,B002HEWA28,3.0
A3LWC833HQIG7J,B0055D66V4,4.0
A2CWIYIETNBAK3,B00BC1ULTQ,5.0
A20951I210L0IB,B004Z0S7K6,3.0
A2WF58BAWLVI95,B002UT42UI,3.0
A1F1A0QQP2XVH5,B0064X5Q5Q,4.0
A110VKXAVLAYKY,B003EWNXFU,3.0
AWPN47SSWK1JV,B001XURP7W,4.0
A145B8OHVNNFAJ,B00G56ZNZU,5.0
A31ICLWQ9CSHRS,B002SGATH8,4.0
A32LX4XJ2LU740,B002HHLOWC,2.0
A105S56ODHGJEK,B00CL8F98W,4.0
A2V5M5EJPOD2IU,B002Y2NI4M,3.0
AQ2FC1DLKVD8H,B0069RZ1BG,5.0
A1R19YYR5OR26T,B004ELA0SS,5.0
A4WEZJOIZIV4U,B00007KDVI,5.0
A6TBR6L2D4XKC,B002WE6D44,5.0
A3S3R88HA0HZG3,B001FA1O0E,5.0
A3HQAPXAJV7PRX,B00CD8ADKO,5.0
A3VTOLNB5N6FVP,B006OOKT3Y,4.0
A2WLNSZ9U0T1S3,B001U0O5QO,5.0
A2DS9DLMSU2M2Z,B000O8JZIG,5.0
A3T7V207KRDE2O,B00005LEN4,4.0
AGXMC3ITWZASE,B0096T7TQE,4.0
A1ZU55TM45Y2R8,B008ULPE70,4.0
AENULRBQ2IE5I,B003X26PMO,5.0
A1ZU55TM45Y2R8,B002I636XM,5.0
A2FWZ58M6IQMD7,B000NONHYY,5.0
ADLVFFE4VBT8,B0021L9HKK,3.0
A3Q4TYJVAM4IRM,B005QXX378,4.0
A225G2TFM76GYX,B001VEIYAC,4.0
ACJT8MUC0LRF0,B00DQZRQPI,5.0
A22MANL4US4RMY,B00005ATMB,1.0
A3R4794K2RVU1S,B00D8T886S,5.0
A3OXHLG6DIBRW8,B00DBX371C,4.0
A3VONQL7YW8UPM,B0043EV20Q,4.0
A3RGJ1FXOB1ZLL,B0025VKUQQ,5.0
A3MUSWDCTZINQZ,B008ULPE70,4.0
A2M14CFAMF8J7I,B00B8I23O4,4.0
APBDZ88BBTN4F,B000089GN3,5.0
A1F7YU6O5RU432,B00B5C2UDC,5.0
A33HIV8RXRDM88,B000HDFXU2,5.0
A20DZX38KRBIT8,B001GIPSA2,5.0
AEJAGHLC675A7,B0067WUSGQ,5.0
A3OXHLG6DIBRW8,B001SLFN7U,4.0
A3T4OHEAHOJ700,B002XN7C6W,5.0
AQB4DH57MSZSC,B002MCZJ78,5.0
A1ZVFCPHCWFV71,B0088CJT4U,4.0
A3963R7EPE3A7E,B00D5Q75RC,5.0
A11KZ906QD08C5,B001XURPR2,5.0
A2TA40MV2H4O6F,B00006I53S,5.0
A3S0DBBR693O06,B000ID7QNI,5.0
A2J8T58Z4X15IO,B0045FM6SU,5.0
A1EQ5D5JRSW23K,B001A4HAFS,5.0
A2JMJVNTBL7K7E,B00ATZ9I86,4.0
A3PU3EDJ2FG1AW,B001NJ0WCS,3.0
AGJRUK27RBVYS,B00BBAFUOY,5.0
A2PL06HW6KZH2,B002RWJD7A,5.0
A2WPL6Y08K6ZQH,B00G4FCHH4,4.0
A1Z4GII5CHCDG7,B000E6G9RI,3.0
A2XRMQA6PJ5ZJ8,B00AWKC0JM,5.0
AT53ZTTO707MB,B003PL0AME,5.0
A84FLVDK2R5JF,B000O8WE66,5.0
AGVWTYW0ULXHT,B002C7481G,5.0
A1ROUMJOGO4QMB,B00EXPNFQO,2.0
AHQRU3MRORIWQ,B002LAS1DU,3.0
A1AQ8JT2A3UWMY,B004FA8NOQ,5.0
A2NYK9KWFMJV4Y,B00ETH7ERM,5.0
A3NHUQ33CFH3VM,B00JDAIMQ2,5.0
A1OO9N1MRNQ7K0,B00081NX5U,5.0
A9Y5O2R4D6EH5,B000O8WE66,5.0
A26BDXG9KVH7SU,B005OU6D3Y,2.0
A1XK4VP74IB9TQ,B0039825LM,5.0
AT28RL25Q2OLK,B00APQM1GU,4.0
A1Z16630QMH8Q6,B001OXKPDO,5.0
A17NVM7IAPF2NS,B00CE590Z0,5.0
A30C8WHQ2CYFO4,B00004XOM3,5.0
AU2UJF4I7KAWL,B0062EUE54,3.0
A3L1VJMHFWONCB,B00020S7XK,5.0
ABVYGB2TKBO8F,B0041OSQ9I,5.0
A2LCE1D0TW2XY0,B000ALLMI8,2.0
A1KDUQ2HU0WD68,B008C1JC4O,5.0
A3T4OHEAHOJ700,B0090Z3QG6,5.0
A2ME89MSWVG9NF,B003Y74AXO,4.0
A27B1U3OWCU14J,B0001G6U4S,5.0
AGOH8N902URMW,B007FPIQ72,4.0
ARX7Z3NI6O0F7,B000KO0GY6,5.0
A34BZM6S9L7QI4,B003FWEQDM,5.0
AI8EMB0HUC6Z5,B00005T6GZ,5.0
A2NSXY5L42ZUGO,B001ENW61I,5.0
A379DLIAF0MFM5,B00GBATPFO,5.0
A203OCQQ12MAVT,B0028Y4CWI,2.0
A1NNMOD9H36Q8E,B0007LJHVA,5.0
A2DG63DN704LOI,B00CAMCCLQ,5.0
A1KXJCXS6HFRQZ,B00AQRUW4Q,5.0
A3NYBI5VMVEEIK,B001XURP7W,5.0
AWPODHOB4GFWL,B000VJRUKS,5.0
AVPNQUVZWMDSX,B007X3VDU8,5.0
A2EN82VBJT44QP,B003ZX8B0U,2.0
A1S7BFT0HDF3HA,B008O2HW8O,3.0
A2ZDY0V4Q1SZD7,B003VAGXWK,1.0
A2LB4FLRZG6CUV,B004275EO4,5.0
A38CHSS1ZAE51B,B000067SOH,5.0
AN81JUYW2SL24,B00068YUN4,5.0
A3EQQHWJ1EEYEU,B008COJXHC,5.0
A1PI8VBCXXSGC7,B00G4UQ6U8,5.0
A1PI8VBCXXSGC7,B00IUF7VKE,5.0
A10AFVU66A79Y1,B001DEYVXO,4.0
A2S26YGSVXBCFL,B0069RZ1BG,5.0
AX05DBU8IRUWY,B0049SCB2Y,4.0
A3TRY87JJCA5Y8,B000AJIF4E,5.0
A23NSKTMSPPBTR,B00EAR8S76,4.0
A3IK2VCQ007CJ,B005LFT3GG,5.0
A1ZU55TM45Y2R8,B0018O9JIG,5.0
A18OTCHQ6MXD6X,B0090BSSZO,5.0
A1FDSZISWIXH1A,B00829THVO,5.0
A1KI7YHQEOS1RB,B00746LVOM,4.0
A1H98YV5K5BUX0,B004TIIBMS,5.0
AT8V3JOZD3KWK,B002V88HFE,4.0
A2TN0U8173HM7A,B001RQ2YF0,5.0
AWPODHOB4GFWL,B00BB6DCUC,5.0
A2L9OPJAAEK08Q,B002OB4BK8,2.0
A3U5HKDHPYBAK3,B004QR56SE,3.0
A3NVZTGPORNPRW,B008ABOJKS,4.0
A3J8A5L5AF5TX9,B0012S4APK,3.0
A2NVQZ4Y7Y0J1R,B0039BPG1U,4.0
AWPODHOB4GFWL,B00HZVPD72,5.0
A2WB7LZ595CR50,B002HWRJY4,5.0
A6VPK7X53QNAQ,B004HBK4T0,3.0
AR6APXLK7TJU2,B001VEIYAC,5.0
A1VR1HIOVQWN09,B005OYR9D8,4.0
ADLVFFE4VBT8,B000UF3FT8,1.0
A1MQQEM7W77L62,B000IF4788,3.0
AY3D7DG5L5WCK,B00F0DCH9Y,3.0
A2VIYTWXANL343,B004RORMF6,5.0
A1ZU55TM45Y2R8,B002C7481G,4.0
A2V5M5EJPOD2IU,B00B588HY2,5.0
AIJQU979J6UFY,B007AHJNF4,4.0
AYB4ELCS5AM8P,B00FDLHNHO,5.0
A1EVV74UQYVKRY,B00JF0D7RE,5.0
A240FRPD4MEXND,B005FNYADA,5.0
A3OA4DV4L81N1D,B00264GYMG,3.0
ADOR3TR7GDF68,B006PWGEVQ,5.0
A680RUE1FDO8B,B0035JEL6C,5.0
A3NCIN6TNL0MGA,B004H8FNBC,5.0
A3OXHLG6DIBRW8,B00B5C2UDC,5.0
A1PAGHECG401K1,B00005N6KG,5.0
AONUCJBC85BL,B00BF9MUAS,5.0
A3TCMJ6GKZJFBQ,B002NO7PWC,5.0
A1BJOHHLG0D965,B0043M668G,3.0
A4WEZJOIZIV4U,B00HFRWWAM,5.0
A370XYLIZCSK1Y,B002TLTGM6,5.0
A1BXVZSQOJE6UE,B00G4UQ6U8,5.0
A10AFVU66A79Y1,B009NHWVIA,5.0
ACHTDPEQYSEQL,B003DZ165W,3.0
A3977M5S0GIG5H,B0040RDT0M,5.0
A3FEJ8H2VTN0OJ,B00966IREK,5.0
A28N2AWOVO2PB,B0088PPFP4,5.0
A1V4A5U5O3TMMD,B000F2BLTM,5.0
A1PI8VBCXXSGC7,B00FZ9SM4M,4.0
A15T9G38F589KM,B000M2TAN4,5.0
A1BT6TL7UCIC5Y,B001U3ZVQ4,2.0
A20VG5W98SX99L,B0064XAIZY,4.0
AO2EURP2Y4JZM,B00F6E8OUS,3.0
A2SATO5BNKWY3Y,B00023433U,5.0
A14I1F2H7NOYDC,B005KP473Q,5.0
A2BMZRO0H7TFCS,B0035FZ11K,4.0
AVU1ILDDYW301,B009PK2MNY,5.0
A1B4MIXYVIKMU2,B003VAGXZC,4.0
A3M7BCQKSQAK4L,B0042VSTZQ,1.0
A24P4E3RJ6AX94,B003VYH1UE,2.0
A3QJU4FEN8PQSZ,B005O88CUS,5.0
A2ME89MSWVG9NF,B00BE68UZ6,4.0
A3R33KMESG0XGQ,B0088CJT4U,3.0
A386LG0LRWKJZP,B00126U0VA,1.0
A4S2WAQVQR6PI,B00EB7812C,3.0
A2OWR5G2OAQF7C,B00109Y2DQ,5.0
A2J7FHZFKOKGZ6,B003LNZ1L6,1.0
A2503LT8PZIHAD,B001F7AHXW,5.0
A1Z7SC7HH1BJKA,B006W8U2MU,5.0
AELK0E5DK7LIZ,B00CWBABP4,5.0
A2IFKH3TJ10387,B00FRMAOIO,4.0
AJX9A4Q19UTJU,B00829THO6,5.0
A1TR1R2QKWRSRA,B009LPV766,4.0
A38KK0SZYEH5UD,B00AMAJF0Y,5.0
A12DQZKRKTNF5E,B004RDWVUS,5.0
A2L4ZGN7GZJ95T,B004CLYE8C,4.0
A32HSNCNPRUMTR,B004QK7HI8,4.0
A3UW0PQLDUACMH,B00D6XW62I,5.0
A2BX8DDQGCCG2J,B0050JS1QG,5.0
AULFLNWJP1QXY,B004C13VWC,5.0
A3H4S6YO9VNGDZ,B00ARB5E8U,5.0
A1ODOGXEYECQQ8,B00CSHCAVU,4.0
A10ZFE6YE0UHW8,B005GTNZUM,3.0
A25TNBMJ4ZO7RD,B003NSC2WU,5.0
A1TQZUSOU22E9M,B002SZEOLG,5.0
A2F7CSE6KT7NI4,B00EXK1KZW,4.0
A316XO4RWX21YN,B002OEBIM4,4.0
AGEKVD8JPZQMT,B0042X3F76,2.0
A2EZTM9WY5B5IL,B000BTL0OA,3.0
AMRMK86X3PKXD,B00192KCAG,5.0
AGOH8N902URMW,B0076NA716,5.0
AHD3NZHDUZ5I6,B000VY2BC0,5.0
A3FOSLM5G1BO63,B008X9ZBVI,3.0
A2NU9H8H5MJZSL,B003WU8J58,2.0
A100WO06OQR8BQ,B001NLV4TQ,5.0
A1YVO5V1SO18DZ,B00B7XC6PQ,5.0
A3DOPYDOS49I3T,B003MTTJOY,5.0
A29KJ32G75L7G9,B000EY5F5C,5.0
A26LD9FQHTM8ZH,B0097CXWUW,4.0
A34UVV757IKPVB,B001UI2FPE,5.0
AJEOFP6ZWY0MK,B0009MFTSW,2.0
A3PD8JD9L4WEII,B003XFWSU4,4.0
A13WREJ05GMRA6,B009O7YU56,5.0
A2RWHTNM5P3I8Y,B003GAMO7I,4.0
A2RU4U1JZ3DMP5,B001S2RCWI,4.0
A51OFQVC6O5YL,B008ABOJKS,2.0
ASJZT7DM51QEM,B00829TIEK,4.0
AVFJ327UXPXLF,B00CWBABP4,4.0
A4D5B7Q8A7PA6,B00G5RDU5O,5.0
A3T7V207KRDE2O,B0034WR19Y,4.0
A3F3B6HY9RJI04,B004CLYEDC,5.0
A3IY316DRNF5F2,B005O81U9S,5.0
A1LAGS8H4A2DR7,B002ZRPYC0,3.0
A38RMU1Y5TDP9,B00BXA7N6A,5.0
A3AZI828WJN1CD,B00ENZRS76,5.0
A781ITP3HE2N5,B0049P6OTI,5.0
A15T9G38F589KM,B001TH7GUU,5.0
A2JWF9IG8PJAOA,B000Z80ICM,5.0
A2XRIU3SOYZ0ZC,B002DMKPQ2,5.0
A2UWPPU5GZLMQZ,B00D6XW62I,5.0
A1EVV74UQYVKRY,B007WVA2PI,4.0
A3OXHLG6DIBRW8,B009SYZ8OC,5.0
A12DQZKRKTNF5E,B0019UGCLG,3.0
A3639Z6O5JBLIZ,B00AWKC0EC,4.0
A2IFKH3TJ10387,B005NCNE62,4.0
A3TP31S61PPE3G,B003YH9EZ8,3.0
ACY9QYNDFLVBI,B007SZ0E1K,5.0
AMWL7XIWIPXEZ,B0043GCBU4,4.0
A3F7F7QKQP2FKT,B001FA1O1S,5.0
A3AYSYSLHU26U9,B00DHPCVQG,5.0
A31HE83MU98GBV,B00IAKLM54,5.0
A1PAGHECG401K1,B005J7YA4G,5.0
A3CIET1UO3G51E,B006TF3746,5.0
ABVYGB2TKBO8F,B0038OMEQI,4.0
A31ICLWQ9CSHRS,B003IT6YFU,4.0
AGVWTYW0ULXHT,B006MVX5B2,4.0
A3OXHLG6DIBRW8,B001B077PO,4.0
A10PEXB6XAQ5XF,B00BOHNYTW,5.0
A3CJ7MHAS9IMAM,B00D8X0IJ4,5.0
A2NYK9KWFMJV4Y,B00KMRGB7C,5.0
A1MFVAHTT2BHM0,B0053ORUS8,5.0
A35HNL2VEDK9Z1,B00009UT18,4.0
A2PSC7LUNIDEAH,B0043D2ICS,3.0
A14NA0W8ESGDSI,B00C9TECFO,5.0
A15QYHQH80W30L,B002O3MVYO,2.0
A23GFTVIETX7DS,B005GM1Q1O,3.0
A6FIAB28IS79,B00005NIMR,3.0
A250AXLRBVYKB4,B0002VAQR4,5.0
A12DQZKRKTNF5E,B0060GEZ0E,4.0
A2OKRGHIYTBQ6P,B000N2OBWS,2.0
A35SNSDRNE9P8Q,B00CI3BISU,5.0
A35IX2GE0VC0JP,B007PRHNHO,4.0
A3284KYDZ00BZA,B002PHLZE6,5.0
A1CPRP3VFJRS1R,B0013FW8XS,5.0
A3A4ZAIBQWKOZS,B00L26YDA4,5.0
A17BUUBOU0598B,B00A3YDPWS,3.0
A27H0T39U3FZB5,B001E1Y5O6,5.0
AATWFX0ZZSE6C,B000CSWCQA,5.0
A2NYK9KWFMJV4Y,B007KEZMX4,5.0
A3L9E0YI7C5G0W,B0060GEZ0E,5.0
A2LCE1D0TW2XY0,B003VS9UP4,4.0
A1W415JP5WEAJK,B00EQD5ZS4,5.0
A19FRW264WZTGP,B00005ATMB,4.0
A1WJ3P43SZUNDM,B002VKVZ1A,5.0
A24RCBRDXRXR0Y,B00BB0ZSIC,5.0
A1MFAPVBW9BEGD,B00009MDBQ,5.0
A2X06FP2PQ6EK0,B005CLPP8E,1.0
A11I1I9QLMAM1A,B008ULPD0S,5.0
A84FLVDK2R5JF,B002R5AM7C,5.0
A3V6QSTG2T9MIO,B0007Y794O,5.0
A3V5F050GVZ56Q,B00G56ZNZU,5.0
A10Y058K7B96C6,B005UA65YA,4.0
A3S3R88HA0HZG3,B00BQ5RYI4,5.0
A22S7D0LP8GRDH,B005CG2ATQ,5.0
A2RGWCT6K2C3EZ,B005HSDLCO,5.0
A3CMO216CWOF5N,B0007MXZB2,4.0
A35IX2GE0VC0JP,B00HR78S2Q,4.0
A4WEZJOIZIV4U,B00IVFDZBC,5.0
A26EQ8U96JA92T,B004Q3R9B0,5.0
ACQYIC13JXAOI,B003G2Z1M6,2.0
A1HYH206E18XVC,B006EKIQYM,3.0
A3B20R4ZAH0Y2Y,B008ALAHA4,4.0
ATS2855497V0I,B008HK3WK0,5.0
AEL6CQNQXONBX,B00E98O7GC,5.0
A1HFT68GJ42LTM,B009WG6LLA,3.0
A3Q4TYJVAM4IRM,B0043M9AU2,5.0
A2AY4YUOX2N1BQ,B005755U0I,5.0
A3U6J0DLLDEWM2,B00ARB5FLQ,4.0
AT09WGFUM934H,B003M0NURK,5.0
A2KYRPDKVBI2R4,B003UE52ME,5.0
A3J8A5L5AF5TX9,B001C271MA,5.0
A1PPS91NLI7KEH,B00EL8NJ82,5.0
A2WPL6Y08K6ZQH,B005FDXMJS,3.0
A1X3ESYZ79H59E,B007IFO2B8,4.0
A3RGJ1FXOB1ZLL,B003IT6RDE,5.0
A2Y739CRM15WDL,B00HGLOQ24,4.0
A2PSD2R9A1CXG7,B004WIUDGM,4.0
AXP8GO5Q3AXSA,B001AZP8EW,4.0
ADLVFFE4VBT8,B007B6YPAW,4.0
A10PEXB6XAQ5XF,B006GWO5WK,4.0
A3DOPYDOS49I3T,B009AOFKUM,5.0
AGVWTYW0ULXHT,B001S0PWWC,4.0
A2WF58BAWLVI95,B0045371FU,1.0
AUK79PXTAOJP9,B007R1FH3K,2.0
ALRCAGJOJ9583,B001S2PPT0,5.0
A37D1ZP8GBHE38,B009WG6LLA,4.0
A1C5WS021EL3WO,B0000AI0N1,3.0
A1E1LEVQ9VQNK,B006I9ZHOG,5.0
A328GLDSDNFYII,B003OA8T92,4.0
A3EXWV8FNSSFL6,B00GO4GMAI,5.0
A1KI7YHQEOS1RB,B008UHK3KM,3.0
A1WG97A0EFHYXN,B000097O5F,5.0
ARIDN94LOCQFD,B000LRMS66,5.0
A3UXW18DP4WSD6,B00609B3J2,5.0
A2LCE1D0TW2XY0,B00APCMMDG,5.0
A303SNZ4AR7TDQ,B005DVJJWQ,5.0
ABUE0ALHKWKHC,B00JP7R7DC,4.0
A2JWF9IG8PJAOA,B002HGFKR8,5.0
A23ZNGL704AW7O,B004G8QO8E,5.0
A2D1ZQEFS1NBH2,B00HWSXVDG,4.0
A30J7WQV0ZNRXG,B007C8GMPU,5.0
A3SL0HA6422W4M,B005KJJKVG,5.0
A1EXGL6L0QQ0M5,B004N627KS,3.0
A3CEUT263RNUDO,B009HNK272,5.0
A1W415JP5WEAJK,B00ADG5FLK,4.0
ADOR3TR7GDF68,B001N4KGNS,5.0
A1XB7JGJ459ERP,B004TLIVB6,5.0
A38KK0SZYEH5UD,B003KPBRRW,4.0
A2WB7LZ595CR50,B00J238GV6,5.0
A1JUBRIZMO0RJV,B000204SWE,4.0
A1VRANSQ0WF1YS,B0041Q38N0,5.0
A2UQK3DAZ8NO2T,B001ENOZY4,5.0
A2FZQF0MH29VYN,B009SYZ8OC,5.0
A11ULAZ4B5ZXC8,B000CKVOOY,5.0
A3284KYDZ00BZA,B00F3F0EIU,5.0
AEAFHD09X8044,B005QX7KYU,5.0
A1ZM846Y7AUYD,B00004ZCJE,4.0
ACH055GTTIGC9,B002R9CQYK,4.0
A2J0IBS4PFRO2C,B005M1777G,1.0
A3KNGMX2RVQG91,B005HMKKH4,5.0
A2NYK9KWFMJV4Y,B000BQ7GW8,5.0
A2UWPPU5GZLMQZ,B003TY9THE,5.0
A1OGCPMSIVK7G4,B009WU5XUG,5.0
A12ANFNOSMW5VD,B00634PLTW,4.0
A2UQK3DAZ8NO2T,B003VAK1I2,4.0
AX7317G153T8W,B00AQDG9BA,4.0
A3PD8JD9L4WEII,B004Q3R9AQ,4.0
A2OKRGHIYTBQ6P,B0011U65F2,5.0
A1V4VVBQBFXRHC,B0071BTJPI,5.0
A38Z6QG6988WS7,B005VFG06W,5.0
A3EZEP0FX5BC1P,B002Q88CGI,4.0
AELK0E5DK7LIZ,B00EIQTKAS,5.0
ADKZOXAOV8EXD,B005OB1TU0,5.0
A376OJHLE6SU9Q,B0034CL2ZI,4.0
AFICF7DKHTQ87,B0076MBOC8,5.0
A2WW57XX2UVLM6,B00CCIKJDG,5.0
A2PK64OVZA1U8Z,B004SGJCCO,5.0
A20WUUD9EDWY4N,B003TM600U,5.0
A2YEOR4XJ8N3QE,B00JKM0EQE,3.0
A5KMMY627T3W,B00004THCZ,5.0
ABMN74TBW5UWE,B001O9X9EU,5.0
A2O6HZ2B9YSRXR,B003NREDC8,5.0
A11FX8HL2ANK6T,B0034XRDUA,5.0
A2UWPPU5GZLMQZ,B009DJ1THW,5.0
A3TAS1AG6FMBQW,B002WE6D44,5.0
A3AYSYSLHU26U9,B008X9Z7N0,2.0
AKT8TGIT6VVZ5,B000M2GYF6,5.0
A1UQBFCERIP7VJ,B005VAORH6,4.0
A1H55L0BLPCWYF,B0046TJG1U,5.0
A2ALRZ0ENQLYY5,B0067I4Z6O,4.0
A3NHUQ33CFH3VM,B00A7PPLP2,5.0
A185O1MX1RP964,B005IGVY6K,5.0
ARIDN94LOCQFD,B00B588HY2,5.0
A1E1LEVQ9VQNK,B007OY5V68,5.0
A3SX5MZTCZRQLF,B00A3YDT5Q,4.0
A3AYSYSLHU26U9,B006JH8T3S,5.0
A2RWHTNM5P3I8Y,B00GY0UFFA,4.0
A2F2GLVFRNV7JJ,B003B3P2C4,5.0
A4H4KYSM2KQ85,B000H4CLXS,5.0
A1O229NVVDJUX2,B003ES5ZR8,5.0
AHS6PX6H22WW1,B000WKW69Q,5.0
A34BZM6S9L7QI4,B00DQZO3JK,4.0
A35HOUWHAYZZN6,B00BD99JSQ,2.0
ABXANRX4GPYRZ,B006GWO5WK,5.0
A3D01HLSUFEZQY,B000X06ZH4,5.0
AG35JCCQWDRCS,B006U1YUZE,5.0
A3D6OI36USYOU1,B004G6002M,5.0
AN2IZT80ZUNJN,B0036NMQ7S,5.0
A2W9GX82SLKROQ,B00BUJBHGG,4.0
A28I5UM0FT3I6T,B005CT56F8,5.0
A3V6QSTG2T9MIO,B004UEPUVG,3.0
A376OJHLE6SU9Q,B000U3DY4Q,5.0
A1TQZUSOU22E9M,B0082N9BZM,5.0
A3OZA8HNJM26DC,B00E0EY7Z6,5.0
A2BMZRO0H7TFCS,B004BQTTE2,5.0
A1GWG5CWLKJ7ET,B000V4VGBM,4.0
A2TVH2OBNXYXHV,B00192KCAG,5.0
A20VG5W98SX99L,B005ELBSWO,4.0
AX7317G153T8W,B002TLTGM6,4.0
A3OXHLG6DIBRW8,B0007XXU3E,4.0
A2ZY3S7SD3QO8Z,B00829THK0,4.0
A3IY316DRNF5F2,B002ISXBFI,4.0
A3LGT6UZL99IW1,B0088CJT4U,4.0
A3IRA0BHI9NE9U,B003VOW5WI,3.0
A3HPCRD9RX351S,B005HQ50SO,5.0
A3284KYDZ00BZA,B002O0L0GC,5.0
ASHJAZC9OA9NS,B00092GM0Q,5.0
ASFP250F22MDZ,B00EVIBN26,3.0
A3EFSLEMHNPP6A,B004N627KS,4.0
A1EVV74UQYVKRY,B00IXEZDFW,3.0
A25TNBMJ4ZO7RD,B00BO0MG0W,4.0
ADKZOXAOV8EXD,B00GD1K8J8,2.0
A1901NTE8LFJF6,B004XZL980,4.0
A1EH2S92FHWZRP,B0097BEFYA,5.0
AR6APXLK7TJU2,B0002ILKWM,5.0
A3SL0HA6422W4M,B0053R0WWG,4.0
A781ITP3HE2N5,B000I5LACO,5.0
A1LYMYNURB9EWW,B002W6Z80C,5.0
A3JV071KO43Q5X,B001BM5XB2,5.0
A1XK4VP74IB9TQ,B009F1DYF8,4.0
AAA0TUKS5VBSA,B001TUYTZM,5.0
A11I1I9QLMAM1A,B002HWRJBM,5.0
A38NELQT98S4H8,B004R739LE,5.0
A19W47CXJJP1MI,B00I3ERXWS,5.0
A32O5FZH994CNY,B003Y74AXO,3.0
A10X9ME6R66JDX,B002V88HFE,5.0
AQ2FC1DLKVD8H,B00AR95EVE,5.0
A8X8D4BUY5DFU,B003B3P2CY,4.0
A6VXZ1EEPRTLV,B00009R94Q,5.0
A2NOIWPJDD7WIQ,B000HGIWN4,5.0
A2503LT8PZIHAD,B000O8WE66,5.0
A24HWYHR28JJ7A,B004S4R5CK,5.0
A149RNR5RH19YY,B001EZRJZE,4.0
A32O98PFC3OP7K,B00452V66G,5.0
A1CPRP3VFJRS1R,B0092MD8OW,5.0
A1ZPY91VE3IDN1,B003ELOSIW,5.0
AHIK7BUXFRMT8,B000065BP9,5.0
AFFVUZEGP1FDQ,B004Q3RE4W,2.0
A2DXENZNO2JT4F,B00B5Q79D4,4.0
A2KHG3JOFXQ4CE,B00ARB5FLQ,4.0
A1NQFT941TOTT7,B00198DM2K,5.0
ATZJNEXX7LWD3,B000WBQOZW,1.0
A20UU20K7M9ZPF,B009STMN9K,1.0
A2V9DTXTQ5YIMK,B009NHWVIA,4.0
ADLVFFE4VBT8,B00C8OT7FK,5.0
A3EFSLEMHNPP6A,B001TH7GSW,5.0
ASFP250F22MDZ,B004CLYE8C,4.0
A1UQBFCERIP7VJ,B00CSDMWGW,5.0
AONUCJBC85BL,B00J0XR10A,5.0
A3U41ZL33SS92P,B0068ALV8Q,4.0
ATDE9JYCPI0L1,B005A0B3FQ,5.0
A3W4D8XOGLWUN5,B005OOKNP4,4.0
A33152QEGO2MZN,B004HHICKC,5.0
A2HNH4PKE5DPSI,B000V4TMWC,5.0
A2IFGGXG3YV3Y6,B007PZYBTY,4.0
A20DZX38KRBIT8,B002C744K6,5.0
A2J7FHZFKOKGZ6,B003M0NT1M,5.0
A2UOHALGF2X77Q,B000VXQZA0,4.0
A209G57KXCBF4C,B00C25I5TE,4.0
ARBKYIVNYWK3C,B0019M6GP6,5.0
A2WW57XX2UVLM6,B003NREDG4,4.0
A13BX9O5UDBILC,B00BOHNYU6,4.0
A16QODENBJVUI1,B00BQ8R76K,3.0
ARC5ASW9CUAGP,B000Q8UAWY,4.0
A1DSRM2P0WGQNS,B004AK154Q,4.0
AAEVGE52KL0DJ,B002V8C3W2,5.0
A2NYK9KWFMJV4Y,B00IRX1NXK,5.0
A1ZU55TM45Y2R8,B0028Y9BX8,5.0
A2UOHALGF2X77Q,B0001FTVE0,5.0
AUCIFMWP3DU8R,B0044WWLW0,2.0
AKBVYIIHWI04B,B000CKVOOY,5.0
AKSFZ4G1AXYFC,B001GS8G2E,5.0
A1IU7S4HCK1XK0,B00AQ2BU74,5.0
A1HBEQWSMVQEWJ,B00FB45SI4,4.0
A20DDH4NT6Q1E8,B003M0NT1M,5.0
A3284KYDZ00BZA,B0088CJT4U,5.0
AOTZOHB2LZGYR,B000MMWT9Q,5.0
A2OWR5G2OAQF7C,B007PTCFFW,5.0
A1CYTBE7LLUQ8F,B000F7JCRA,5.0
A26877IWJGISYM,B00BQO56Z8,3.0
A18L9A64XNGVGU,B002MAPRYU,5.0
A3LZA698SQPCXE,B00CRJWW2G,5.0
A5JLAU2ARJ0BO,B00CM1BN5G,3.0
A3J2YU2D9BH2J7,B0052SCU8U,5.0
A20OBCQWBKCGZT,B002KC55OM,4.0
A1X3ESYZ79H59E,B0089E5R0W,4.0
AFM2J3HJNPIHV,B00006RVPW,4.0
A1Y4EWMUTW73GD,B000066E6Y,5.0
A100UD67AHFODS,B0002KVQBA,5.0
A204K1OFE8OB9Y,B0001Y7UAI,1.0
A2R1HUYHXV7H18,B005A0B3FQ,5.0
ARBKYIVNYWK3C,B00DTPYRKC,4.0
A20ZM879PCQQEZ,B001DYC0CS,5.0
A1VVRA3P6G1TWH,B00264GYMG,3.0
A3UKWQS8SRW6IO,B00139E1QQ,5.0
A1T1YSCDW0PD25,B001AQWLTQ,4.0
A3EXWV8FNSSFL6,B0017SF1RQ,4.0
AG6TX1ZJHLMO7,B00HPM1G8Q,4.0
A2TKWMX4563NR6,B003OC6LWM,4.0
A21T0D2F7SKG5S,B00009R6TA,1.0
A2FSOHSM9X13JT,B0060B7NCG,5.0
A1YEPFLLH42OU1,B005NFG1MS,4.0
A1ASWDAEDTTY5I,B001DVZXC0,4.0
A4GGT6O0GQNV2,B004WO8HQ4,4.0
ATOKT8QYK967L,B001XURP7W,5.0
A319Y83RT0MRVR,B004ROOCO0,5.0
A2LTYEYGKBYXRR,B008OHNZI0,5.0
A3EXWV8FNSSFL6,B00EXK14S0,5.0
A1C5WS021EL3WO,B007FH1KX2,5.0
A2RWHTNM5P3I8Y,B00DYVK304,3.0
ABE5E8B3J7MKY,B000QUUFRW,5.0
A34BZM6S9L7QI4,B002ZAVVHY,4.0
A1YEPFLLH42OU1,B00CD778LC,4.0
A1RL1OTV8IJMVD,B003XDU2Y0,5.0
A680RUE1FDO8B,B001AAOZHI,5.0
A1AQ8JT2A3UWMY,B00G2TK76A,5.0
A25QJBK33C4O0R,B0090EC5MS,3.0
A3A4ZAIBQWKOZS,B00FSA8VQ2,5.0
A1ZM846Y7AUYD,B00064V6RG,5.0
A1W415JP5WEAJK,B003GALRIA,4.0
A3V6Z4RCDGRC44,B001FA1NZK,5.0
ANFJYYQ0P35CW,B00HRQB28Y,5.0
A3EQQHWJ1EEYEU,B004XC6GJ0,5.0
A33HIV8RXRDM88,B00005LEN4,5.0
AL5CUWBFBMWYQ,B00EMHVVLY,3.0
A1KDUQ2HU0WD68,B00JXFM75Y,4.0
A1MCH5RXDOH87H,B00829THEG,4.0
A5MCDQ60DWUEV,B001MSU1FS,5.0
A2JOPUWVV0XQJ3,B0028Y4F4S,5.0
A225G2TFM76GYX,B001QUA6R0,5.0
A33YZNZIRA3H97,B002UT42UI,4.0
A20OBCQWBKCGZT,B001OMGXO0,4.0
AM3XNQU9TZBD8,B004TPJKEY,5.0
A1R19YYR5OR26T,B0057OCDQS,5.0
A1EH2S92FHWZRP,B0028Y4CWI,4.0
AUK79PXTAOJP9,B000068O3C,5.0
A680RUE1FDO8B,B0023B14TK,5.0
AFNG8O2DXRCUV,B000BSJFJS,5.0
A27ADCSD15F3GL,B005X9XVNQ,3.0
A2OTQMC69J8MUI,B00C2P61FO,5.0
A680RUE1FDO8B,B003VANO7C,5.0
A204K1OFE8OB9Y,B0007U00X0,2.0
A23D13HKTA95WX,B0000AZK4G,5.0
A3872Y2XH0YDX1,B000JFJZGG,5.0
A1EVV74UQYVKRY,B00E56WY18,5.0
AVFJ327UXPXLF,B002KC55OM,5.0
A3UKWQS8SRW6IO,B008MF3Y1W,5.0
A27QXQQOLAMRRR,B00BF9I0JI,3.0
APBB297H3ZA5E,B001ELK2NY,5.0
A7UPJYPAH73NC,B0016BVKAQ,5.0
A1G5MI2KREPEIB,B00212NO6W,4.0
A3QD59N3M7O7KB,B002BH3I9U,4.0
AIFLY2HF8NS8U,B00DIOALPE,5.0
A1KI7YHQEOS1RB,B0043WJRRS,5.0
A3V7D0LH8L7BG0,B008DWCRQW,4.0
A1VQHH85U7PX0,B00FFZD51Q,5.0
A24P4E3RJ6AX94,B000S5Q9CA,5.0
AVU1ILDDYW301,B0051FWA7U,5.0
ADLVFFE4VBT8,B001OC6DCW,5.0
A2QDOJFFLFGF18,B00DQZQPNM,5.0
A2LTYEYGKBYXRR,B00AGH81M6,3.0
A1CYTBE7LLUQ8F,B0002GDIII,5.0
A2BYV7S1QP2YIG,B00EO302SO,5.0
A33XMCG1UFDSY2,B002TLTGM6,5.0
A18EA7MNLXP9H5,B002V8C3W2,5.0
AY6A8KPYCE6B0,B002GU5XKO,5.0
A3SMD3T0QTN109,B005DKZTNK,5.0
A2HRHF83I3NDGT,B000M2TAN4,5.0
A2R1HUYHXV7H18,B002FYL7PG,4.0
A16RI68PS6T5CA,B0026L7B94,3.0
A3U6J0DLLDEWM2,B00EVWX8R0,5.0
A18S2VGUH9SCV5,B005NGOPSY,4.0
A31ICLWQ9CSHRS,B000WBQOZW,4.0
AM3XNQU9TZBD8,B006I5MKZY,1.0
A3V6Z4RCDGRC44,B002SZEOLG,4.0
A87N6UTYA6NOB,B0002A9RFM,5.0
A3CMO216CWOF5N,B0011TS8LM,5.0
A30J7WQV0ZNRXG,B0088CJT4U,5.0
A3SX5MZTCZRQLF,B002R5AM7C,3.0
A1REY92IEZJUSX,B0002E3WKO,5.0
A2LB4FLRZG6CUV,B003XU6H8I,4.0
A2JAEZ0FMAMJVW,B00IVPU7DG,5.0
A3M82NO6OU1FHS,B006W8U2MU,5.0
A141R97FHSSUQ0,B003M0NURK,5.0
A2S26YGSVXBCFL,B0057WXF6C,3.0
A1R19YYR5OR26T,B004XC6GJ0,5.0
A3EXWV8FNSSFL6,B0021L9BZG,4.0
AS269J1OGZT1V,B0055MBQOM,2.0
AM3XNQU9TZBD8,B002CWZ29S,5.0
A19XMHRB3G4DIR,B004CLYEFK,5.0
ACSX5AIZE3MJ9,B003X1AK12,5.0
A1EH2S92FHWZRP,B004BLIQDC,5.0
A2M9ME0N2S3R39,B005QUQP6W,4.0
A1KWPIORLG2QV,B00519RW1U,5.0
A2NX6PABLIJLP1,B0054JJ0QW,5.0
A2IIAQ7VVAHXTD,B000AJIF4E,5.0
A1TQZUSOU22E9M,B002KC55OM,4.0
ADLVFFE4VBT8,B002PHLZE6,3.0
A3TAS1AG6FMBQW,B00EQD5ZS4,5.0
AOMEH9W6LHC4S,B0041OSQB6,3.0
A2X695AM08AIN1,B005QX7KYU,5.0
A1W415JP5WEAJK,B004SBBD8U,3.0
ANRS196NKFVUU,B002ODIE54,5.0
A21INUA35HX4XQ,B0027UVTQA,4.0
A2FRKEXDXDN1KI,B00HFRWWAM,5.0
A3OYO7B6SS7QLH,B000L9OIQC,5.0
A2QIC4G483SQQA,B005H3Q57M,2.0
AOVTLYTHVDNUX,B00HUDZ8MU,4.0
A1V3TRGWOMA8LC,B009PK2MNY,5.0
A1GBT4UN2RW7XY,B006K5505E,5.0
A1MEISNED4NP7U,B00834SJSK,5.0
A1SFPA80X7TRBR,B005PC7VG4,4.0
AOWF9T81XMX2S,B003OBUJIK,5.0
A3775OP5VTX5ON,B004X355Y6,5.0
A353U0L2HAMSHV,B003NVMDWG,4.0
A10NMELR4KX0J6,B008IEGSGU,4.0
A3FBM0RMCMAABV,B002L6GEKG,5.0
A100WO06OQR8BQ,B004CLYE8C,5.0
A15T9G38F589KM,B00G4FCKB2,3.0
A1Y85GQ09Y95JL,B0000DFZ67,5.0
A8CKH8XB33XGN,B00DR0PDNE,5.0
A31RULW0KNYJ5H,B006JH8T3S,5.0
A32QOZWIKQDNZX,B0000CEOYI,5.0
A105S56ODHGJEK,B001NEK2GE,4.0
A3F9CMU8KNAY1M,B00127VF68,4.0
AL9WKVMRI6GFB,B005QZ8BCI,5.0
A1P0JSFW184ZXJ,B0011FCV8W,5.0
A2X8KN82L07RSK,B00GO4GMAI,5.0
ABUE0ALHKWKHC,B003ELYQGG,5.0
A3J8A5L5AF5TX9,B003LVZO92,4.0
A3R1WFO4KIUQXZ,B000YA4PPW,3.0
A2GOHNFBHUU3UI,B00884WH74,4.0
AR3EVUQF0AC7R,B00HNJWSH4,4.0
A225G2TFM76GYX,B003IT6Z6I,3.0
A353U0L2HAMSHV,B006WHPQD6,4.0
A361M14PU2GUEG,B00DVFLJDS,4.0
A3JUHP1E3WUHEA,B007BZRXK2,5.0
AU627A4UGIW6V,B0076F3RS4,5.0
ABUE0ALHKWKHC,B007KEZMX4,5.0
A1VTCSCH8FFC76,B001AZP8EW,2.0
A32JCI4AK2JTTG,B003L62T7W,5.0
A3PPO2X5PJE1L9,B00GJYJFKM,5.0
A1MZL91Z44RN06,B003OA8T92,5.0
A25KKXUQQ0OLWB,B00HPM1G8Q,4.0
AWH2AY17ZU7W2,B006I5MKZY,2.0
A1FDSZISWIXH1A,B00JY4QCJQ,4.0
A3VI2VETB90ZG5,B00AQRUW4Q,3.0
AV8MDYLHHTUOY,B00E8CF0CE,4.0
A3OYO7B6SS7QLH,B005J7YA4G,4.0
A17BUUBOU0598B,B000MT4JTC,4.0
ABQWMANK4AR63,B0046TJG1U,5.0
A16SRDVPBXN69C,B00013MSUQ,5.0
A1NQFT941TOTT7,B005CG2ATQ,1.0
A4IL0CLL27Q33,B005YR1PV2,3.0
AXU8RH1DEV21H,B0027FGW3K,5.0
A1MFPAM9TTRTXN,B002HWRJY4,5.0
A2WLNSZ9U0T1S3,B00FOVVKYK,5.0
A6FIAB28IS79,B00DBV28TG,5.0
A1L0P1ZP5FD6EC,B008GVM9K4,3.0
A1H6SBO7R007I8,B0061HMRA2,4.0
AHIK7BUXFRMT8,B00024ENWU,5.0
A3U5HKDHPYBAK3,B007M4Z60Q,1.0
AEL6CQNQXONBX,B00EFE9OAE,3.0
A1ODOGXEYECQQ8,B00CIYXD6O,4.0
A1LYMYNURB9EWW,B00EXK1KZW,1.0
A36K2N527TXXJN,B003V811XS,3.0
A1T7EHCMZ92TKC,B002SQK2F2,2.0
A11YOTONCPRQ9S,B008D1JRIO,2.0
A27AF4DLLOBQDQ,B0043EV20Q,4.0
A3D01HLSUFEZQY,B000V5K3FG,5.0
A2UEB48LAWFUCW,B003VAHYTG,4.0
A2L4ZGN7GZJ95T,B00BFO14W8,4.0
AHQRU3MRORIWQ,B0045EP2IC,4.0
AQNSQW4495SG0,B005HY4U46,5.0
A17UNMURMLX0ZE,B0079UAT0A,5.0
A6VPK7X53QNAQ,B008DWCRQW,4.0
A2VC48WIMY6L6E,B004T9RR7C,1.0
A145B8OHVNNFAJ,B00EZ9XG5I,4.0
A2OOLI2WFY4L2,B000Q8UAWY,4.0
ABIVKBMSIPEDY,B00D6XSRL2,4.0
A28UMA3GW9L124,B009HQCAPQ,4.0
A1VGXHHR08G044,B00DJ6AGBU,4.0
A3S3VSXEFXBMRC,B0075SUHKI,4.0
A3TRY87JJCA5Y8,B004TLH7C0,4.0
A3TCMJ6GKZJFBQ,B000H4CLXS,5.0
AY6A8KPYCE6B0,B00G4FCHH4,3.0
A2AX2UGB167J31,B004XXMUCQ,5.0
A2QI2NTDTMK2FV,B0097CXWUW,4.0
A2WLNSZ9U0T1S3,B00F6A9672,5.0
A2503LT8PZIHAD,B009O7Y8ZI,5.0
ABQWMANK4AR63,B003X26LXW,5.0
A3E049PVKG7NDK,B0031ESKJA,5.0
A680RUE1FDO8B,B00DIOALPE,5.0
A19UTUEBWKIZFT,B0088CJT4U,5.0
A3S3R88HA0HZG3,B00L3YHF6O,5.0
AU3GYRAKBUAEU,B000F34FVM,4.0
A1UMSB7LAW0RIR,B00A7PPLP2,4.0
A3DQWFWINN3V5A,B002IGT7IU,5.0
AT53ZTTO707MB,B00BM1PX08,5.0
A26BDXG9KVH7SU,B008MF3X9K,5.0
AZCE11PSTCH1L,B005869A16,5.0
A18OTCHQ6MXD6X,B0049XGNKK,5.0
A3UQSOJW51UU9T,B000BKJZ9Q,4.0
A1FLJCHN5CG5M5,B00004ZCJE,3.0
A5Q1FK0FWU7DH,B001TOD7ME,5.0
A6KL17KKN0A5L,B002AJMHMI,5.0
A1N5FSCYN4796F,B004FEEY9A,5.0
A2XU6J41ZQOJ2V,B000VJWJW2,5.0
A2UWPPU5GZLMQZ,B009T0NNRO,4.0
A2IT7S59GSASN7,B005LIDN14,3.0
A2V1J3JT5OOZFO,B0043T7FXE,3.0
AYMD77ITD15PT,B002FU5QLQ,4.0
A3077MQTAKOVFZ,B006K556FI,4.0
A1VLE2SH9J8WYS,B001MSU1FS,5.0
AOWF9T81XMX2S,B00DIFIM36,2.0
A3H4S6YO9VNGDZ,B00212NO6W,5.0
ATS2855497V0I,B00ARB5FLQ,3.0
A2TRXEZYU9GYY8,B001G0WPLK,5.0
A2Y3WWPUKIJ59I,B009WG6JF8,4.0
A13BX9O5UDBILC,B001IOPIRM,4.0
A2LW5AL0KQ9P1M,B009T0NFXG,5.0
A1L1N3J6XNABO2,B004Q3R9B0,5.0
A3D2VIUT2HWP0Z,B00G6CLN3Y,5.0
A2RW587355CMVA,B004T9RR6I,5.0
A24HWYHR28JJ7A,B00B7Y7HF4,5.0
ADLVFFE4VBT8,B0073FE1F0,4.0
A3CIET1UO3G51E,B002W3IXZW,3.0
A2SYAQXJGRY3XE,B003IRR0YQ,3.0
A4UGMKUSX9XHI,B0012Y6HC8,5.0
AW6A4PPENVZY3,B000A6PPOK,2.0
A17W0GMB0YY83M,B00004Z5D1,5.0
ASFW4ZMNZJKDA,B006OZEIKS,4.0
A2W9GX82SLKROQ,B00BVUQZZ2,4.0
A34BZM6S9L7QI4,B00C8OT7FK,4.0
A2FRKEXDXDN1KI,B004DYQRME,4.0
AN9CP6J4JF91X,B002BH3I9U,3.0
A12R3YGEHW7D8G,B004CAHTCQ,5.0
A2ME89MSWVG9NF,B004T9RR6I,4.0
A18FLOC8YQY0P8,B00CAFPF26,4.0
A1B4MIXYVIKMU2,B0015DYMVO,5.0
A30KPB2ILF6K6J,B00EXK1L38,5.0
A11IXJ8M1JO296,B0012S4APK,3.0
AEWYUPCNDV7HY,B0050A1O5U,5.0
A3BVN2QBNPBHCR,B00EH5TWT4,5.0
A680RUE1FDO8B,B0009S5HQA,5.0
ATMQEI1LKR6VB,B006ZH0JBM,5.0
A1REY92IEZJUSX,B000053HH5,5.0
A1VTCSCH8FFC76,B0033160U2,4.0
A11FX8HL2ANK6T,B0000BZL1P,5.0
AGOH8N902URMW,B002R5AM7C,5.0
AUITG1DJ3QUGK,B008S4TSAI,4.0
A35Q0RBM3YNQNF,B00G4UQ6U8,5.0
A2XAKGRUHIE2ZA,B00HY5IOKM,4.0
A3T4OHEAHOJ700,B00604RZ12,2.0
A2YRX8J4WM5BRX,B001KB21KA,5.0
A2JOPUWVV0XQJ3,B0000645RH,2.0
A28UMA3GW9L124,B006DEBYWU,4.0
A32HSNCNPRUMTR,B0053NBLFW,4.0
A141R97FHSSUQ0,B005JW6WQU,4.0
A1DQHS7MOVYYYA,B001IOY4Z4,5.0
ASF3J4UYV34KA,B002V8C3W2,3.0
ARBKYIVNYWK3C,B004Q81CKY,5.0
A3IJL9A50KVVZ1,B007WTAJTO,5.0
A3HQAPXAJV7PRX,B003Y73Q5M,3.0
ALRCAGJOJ9583,B006ZS5AQA,4.0
AOWF9T81XMX2S,B000TG4BA0,4.0
A1YVO5V1SO18DZ,B005MJU1JY,5.0
AOEDWQLH2WKKW,B00F6E8OUS,4.0
A124WZCUIH2T7W,B003RRFWRY,5.0
A2PZXXPGLXXKZU,B007PRHNHO,4.0
A2S26YGSVXBCFL,B00ATZ9I90,5.0
A21I62TCDL4754,B000OEP3F4,4.0
AWSK1ZAEU1KFL,B000CRFOMK,5.0
A3IUW081KXD3PE,B003KPBRRW,5.0
A1V4A5U5O3TMMD,B001EAQTRI,5.0
A357B3PUHSVQA,B00AR95FOU,4.0
A16QODENBJVUI1,B002FU5QM0,5.0
ALRCAGJOJ9583,B000VWOKQM,5.0
A2WPL6Y08K6ZQH,B000U5TUWE,5.0
AKT8TGIT6VVZ5,B0007WK8KS,5.0
A1YN5I4FINMBTI,B009NHAEXE,5.0
A2QNS95WGN35G9,B001V9LPT4,4.0
A11YOTONCPRQ9S,B002T45WXU,3.0
A3EZEP0FX5BC1P,B008DWCRQW,4.0
ARXU3FESTWMJJ,B005OYR9D8,3.0
A1PVJICI412IN4,B004YLAYHA,4.0
A23R3EOZ837242,B001C4ETU0,3.0
A1DQHS7MOVYYYA,B001B5CVNC,3.0
A6FIAB28IS79,B000IHGJ50,5.0
AV8MDYLHHTUOY,B006W3ZWXE,5.0
A2WLNSZ9U0T1S3,B001AQWLTQ,5.0
A3QNQQKJTL76H0,B00CUBMF8W,4.0
A1NMM0RDRF6R84,B004HREPCQ,5.0
A1WXG10FJ353K0,B003DTLV8K,5.0
AL9WKVMRI6GFB,B009NHWVIA,5.0
A26KXNN6H1IL0I,B0016OEV7C,5.0
A1F0KPA232MTYC,B000O5N5AI,5.0
A3MUSWDCTZINQZ,B00A3YDPWS,4.0
A1VTCSCH8FFC76,B002M3SOC4,5.0
A2RU4U1JZ3DMP5,B00005NPWJ,3.0
APG2BHOAXPNEQ,B004Q7J4W8,5.0
A21I62TCDL4754,B00426C57O,5.0
A3NXJDNTQK2YJL,B001E0JH5E,3.0
A1B6O7SAIYG2N0,B00CGY4JBY,3.0
AATWFX0ZZSE6C,B006EWUO22,2.0
A2OKRGHIYTBQ6P,B0012W9APQ,5.0
A1EH2S92FHWZRP,B009G5T9LG,4.0
AIJQU979J6UFY,B009GYIKHQ,5.0
A5A4374R8I7NB,B003UE52ME,5.0
AL9WKVMRI6GFB,B000UXZQ42,3.0
A3BKNXX8QFIXIV,B004HW7E7E,4.0
A4D5B7Q8A7PA6,B00D8X9FSY,4.0
A2EZTM9WY5B5IL,B002WE0QN8,5.0
A17NVM7IAPF2NS,B00ISKS402,5.0
A25FL6VLD7S23S,B003CK10DG,5.0
A2NXRD80LWHUOP,B005HMKKH4,4.0
A38RMU1Y5TDP9,B000H7GFWS,4.0
A2FRKEXDXDN1KI,B004J3V90Y,5.0
A2DF62DP20RIXF,B002SZEOLG,4.0
AM9APPMIE1BHZ,B005INACOS,4.0
A15QYHQH80W30L,B002AJMHMI,5.0
ATS2855497V0I,B004GUT1QO,3.0
A2SATO5BNKWY3Y,B000065BP9,5.0
A1CN1P7147QDJC,B006QB1RPY,4.0
A2UOHALGF2X77Q,B002LARRDK,5.0
AFHYEO3Y1IIDD,B00D02AG7C,3.0
A2Q7OJTVPIO2XH,B001D60LG8,5.0
A35W3JQYP0M655,B003QHXZM4,5.0
A3QJU4FEN8PQSZ,B000CS7U1C,4.0
A1SDPA1J98UP4L,B00B99JU5M,5.0
A25FL6VLD7S23S,B000RZDBM2,1.0
A13WOT3RSXKRD5,B003ULE6GU,5.0
A1H6SBO7R007I8,B004L9M4AK,5.0
A506HOOCVL8GW,B003Z4G3I6,5.0
A3Q4TYJVAM4IRM,B00009XVCZ,3.0
A1TQZUSOU22E9M,B00BSEV682,4.0
A2UWPPU5GZLMQZ,B00CBQP718,4.0
A2KOV8XWZOZ0FQ,B002VPE1YS,5.0
AFR9GYKAHM37U,B00B46XUQU,5.0
A195EZSQDW3E21,B000ZMCILW,5.0
A3E049PVKG7NDK,B0041Q38N0,4.0
AOVTLYTHVDNUX,B009OZUPUC,4.0
A2W9I628I6SE1U,B0043GCBU4,4.0
A3NYBI5VMVEEIK,B002YIG9AQ,5.0
AQIJ3ZEEVCIKU,B006ZP8UOW,4.0
A15U64VGUV6RBF,B00091S0WA,4.0
A186697K4XKXQL,B0043CVH2Q,3.0
A31HE83MU98GBV,B0045371FU,5.0
A2V5M5EJPOD2IU,B007X3VEBG,1.0
A2IFKH3TJ10387,B00GMGDFPI,4.0
A6VXZ1EEPRTLV,B00DK2JQOQ,4.0
A1GQRGB8FGSLIZ,B0076MBOC8,5.0
ALRCAGJOJ9583,B0078K17WK,5.0
A2JCJJNY43QQIV,B004SKBJYE,5.0
A2UOHALGF2X77Q,B001CCLBSA,5.0
A3VTOLNB5N6FVP,B00FQQ4PNQ,3.0
A1URXSRV6WDHVY,B005NYPC1U,5.0
A2YEOR4XJ8N3QE,B005GMRVZO,5.0
A6FIAB28IS79,B002ZIN9DU,5.0
A2XRMQA6PJ5ZJ8,B0044DEDC0,5.0
A197T2N6RU7K56,B003IZFCFW,5.0
A1987V5OCO6QHS,B007FGYZFI,4.0
ABDR6IJ93HFIO,B00I9V8D92,5.0
A1MRPX3RM48T2I,B000HGIWN4,5.0
ANSVB7OYSXZSL,B0025EWXEU,5.0
A2WLNSZ9U0T1S3,B001C4ETU0,4.0
AN81JUYW2SL24,B0086KP1SM,2.0
A1CPRP3VFJRS1R,B002HWRJY4,5.0
AKX9EQ37PAYMY,B003ES5ZUU,5.0
A1V4A5U5O3TMMD,B007FGYZFI,5.0
A32O5FZH994CNY,B00746W3HG,5.0
A1G3DKT38DNZJP,B0041BT21M,5.0
A2DXENZNO2JT4F,B0081OY95E,4.0
A3UW23DBF2KHWC,B00E055H5O,5.0
AY4EXFOO43C3S,B00006B7DA,5.0
A1MRRMHGV3PN5W,B009W8YQ6K,5.0
A3JNBO7H2SPL44,B000WL6YY8,5.0
A1JUBRIZMO0RJV,B000A3WS16,5.0
A9LNWA25IM2DX,B001OC6DCW,5.0
AN81JUYW2SL24,B0047T79OU,4.0
A361U4SXK7FCQE,B00HRKE1SI,4.0
ARC5ASW9CUAGP,B00483WRZ6,4.0
ALNE7Q71JFC0F,B001E1Y5O6,4.0
A30KPB2ILF6K6J,B003IT6Z6I,3.0
A3QQCEQ33O0GJU,B005X64OA8,4.0
A2HMF8ZR67BNZS,B000QUUFRW,5.0
A21Q9JVG4SII51,B004LSNF04,5.0
A1SX9PHJWTDMF9,B00006JQ06,5.0
A3TCMJ6GKZJFBQ,B000XZCIX4,5.0
A19UTUEBWKIZFT,B00G4UQ6U8,5.0
A1WJ3P43SZUNDM,B003VAHYNC,5.0
A35HOUWHAYZZN6,B003XMAD22,3.0
A33152QEGO2MZN,B008UHK3KM,4.0
A3F9CBHV4OHFBS,B001B077PO,5.0
AKCZIJ6ZHE41D,B00622AG6S,4.0
A1AQ8JT2A3UWMY,B0033PRWSW,5.0
A3G007LQX6KGOD,B00IZGWTVO,3.0
A2XIOXRRYX0KZY,B00HPM1G8Q,4.0
A2NSMJVQY0RV9S,B001WB02Z4,5.0
AWZR0O65DL2Q,B0015DYMVO,4.0
A2BCDZO1XQLDH,B004J4VYG2,3.0
A2NOW4U7W3F7RI,B004G6002M,5.0
A2OT3PDH1AWLTG,B0006VJ7TI,5.0
A36IHC0K68NS2,B005QUQP6W,4.0
AN81JUYW2SL24,B003NREDG4,4.0
AVFJ327UXPXLF,B002OEBILU,5.0
A35KBAQ4VBNQ6L,B000YM2OIK,5.0
A2D1LPEUCTNT8X,B00KIMX4EY,4.0
A1RL1OTV8IJMVD,B001DJ7Y2O,3.0
A3SOJO7Z7R9WIA,B005LU2Z2A,1.0
A9LNWA25IM2DX,B00832NCWU,3.0
A1R19YYR5OR26T,B00005T3G0,5.0
ASHJAZC9OA9NS,B0083WYFWG,4.0
AVPNQUVZWMDSX,B003FGF2MC,4.0
A35SNSDRNE9P8Q,B0029N3U8K,5.0
A1CYTBE7LLUQ8F,B0002L5R78,5.0
A1X3DA7C61WZLQ,B000VXKD8K,5.0
A3RGHO0Q938FRS,B00IAKLM54,3.0
A3CW0ZLUO5X2B1,B0012J52OC,5.0
A3D6OI36USYOU1,B001KB21KA,5.0
A3H4S6YO9VNGDZ,B00829THK0,5.0
A3S5WYWYKSAI9C,B002OAVQJ8,3.0
ABE5E8B3J7MKY,B003SWDA4A,4.0
AW68KVDV7BBRS,B0012MI7N2,5.0
A3F3B6HY9RJI04,B005MI8NJK,3.0
A1PAGHECG401K1,B00B7E1D7W,5.0
A3LDFTSXU3UPBO,B00B588HY2,5.0
A2V9DTXTQ5YIMK,B00AZMYSYM,4.0
A26EQ8U96JA92T,B003LVZO8S,5.0
AEWYUPCNDV7HY,B005VTGB0S,1.0
A1C82BC5GNABOA,B00009ZWC8,5.0
A2OWR5G2OAQF7C,B00829THVO,3.0
A4WEZJOIZIV4U,B00ADG5FLK,5.0
A2HBOG4LVIY15L,B004XZL980,5.0
A105TOJ6LTVMBG,B000Q8UAWY,5.0
A1VHCO8RQFIGQJ,B00007GQLU,5.0
A3D7BGK0P5QY0X,B00EHDZMFO,3.0
A2NJQF2UI60VGT,B000FITKK8,5.0
A3W4D8XOGLWUN5,B0093GIME8,4.0
A2QI2NTDTMK2FV,B00GC1ZMYA,4.0
A32AFX2PUJ82HG,B00029U1DK,5.0
AU3GYRAKBUAEU,B0087Y1XS4,3.0
AI8EMB0HUC6Z5,B007B6YPAW,5.0
AOMEH9W6LHC4S,B005EOWBHC,4.0
AMZCZBK1EF1PV,B000I04WWY,5.0
AONUCJBC85BL,B009PK2MNY,5.0
A1ZU55TM45Y2R8,B00IVPU5BK,4.0
A8FKL1DHTHC12,B007B31IAK,5.0
A2FRKEXDXDN1KI,B003VAK1I2,4.0
A35W3JQYP0M655,B005FDXZJU,5.0
AUITG1DJ3QUGK,B00DDQ4AZY,4.0
A35C2IVVQR1HTK,B000UWX70S,1.0
A212MDP6K4VJS5,B000N2OBWS,4.0
A2DG63DN704LOI,B005IA843W,5.0
A27M75LRSJ788H,B004KSQANO,5.0
A25UZ7MA72SMKM,B00DR8LAE2,4.0
A2LEIANN1UZTHP,B000067SG2,4.0
A376OJHLE6SU9Q,B001EH8FZA,5.0
A2UOHALGF2X77Q,B001L2IKYE,5.0
A1E1LEVQ9VQNK,B00GGNDX1I,5.0
A215WH6RUDUCMP,B0074BW614,5.0
A3EQQHWJ1EEYEU,B00001ZWXA,5.0
A3SQCTNYQFVBWM,B004TJ6JH6,4.0
A3OIMUR42XIOFQ,B0044YU60M,5.0
A2V5M5EJPOD2IU,B004CLYEFK,5.0
A10O7THJ2O20AG,B002U1ZBG0,5.0
AB094YABX21WQ,B007F9XHBI,4.0
A2F7CSE6KT7NI4,B003H3HLEU,2.0
A28X0LT2100RL1,B0074BW614,4.0
A1H7Y5XKPGT0OS,B0015A6YN6,4.0
A28BX3MM90A6FI,B000VX6XL6,4.0
AGX2K0FMS0IVL,B0015YRMXI,5.0
AQCJWSMSURQI2,B00ETBHOIM,4.0
A15T9G38F589KM,B008Y1KK6Q,5.0
A3KNGMX2RVQG91,B007M50PTM,5.0
AETQIN7OH0RL9,B008JJLW4M,4.0
A2D1LPEUCTNT8X,B003MQWN40,5.0
AUK79PXTAOJP9,B003GSCS3U,5.0
A2VH0UT5EQFB6P,B004VVLZN0,4.0
A21VM9WVF8EOSJ,B000RK89M4,1.0
A3RGJ1FXOB1ZLL,B0055QYKQO,5.0
AQM0K7MBBT4AY,B008X1BV2Y,5.0
A3LSEIG2PIJYBL,B0097252UK,4.0
A2W9I628I6SE1U,B0010WG2H2,4.0
A2JE071UW97J2A,B00EXK14S0,5.0
A1ASWDAEDTTY5I,B000CDFYNS,5.0
A3H6NNGCINPLEC,B0054L8N7M,5.0
A32O98PFC3OP7K,B00EXK14S0,3.0
A2XJMQ2COPGWJH,B003ES5ZUU,5.0
AGXMC3ITWZASE,B001WYIJL0,4.0
A20DZX38KRBIT8,B00746LVOM,1.0
A2VCXIAWCPQ13P,B00028D778,4.0
A2DXENZNO2JT4F,B00AW4J35W,4.0
A3QDMDSANPYGUX,B006JWMOOI,5.0
A680RUE1FDO8B,B00DN27H58,5.0
A1F1A0QQP2XVH5,B00B8KJGY2,3.0
A3A4ZAIBQWKOZS,B005H3Q57M,5.0
A3VI2VETB90ZG5,B00452V66G,5.0
A1XE3M22N91451,B00267S7XW,5.0
A2V1J3JT5OOZFO,B001F42MKG,5.0
A3NXJDNTQK2YJL,B00ARB5FLQ,2.0
A33XMCG1UFDSY2,B005DLDO4U,5.0
A33GNK4YENACDJ,B000EITTLE,4.0
A1Z3598J0371ND,B007KFLV9W,5.0
A3872Y2XH0YDX1,B00511PS3C,3.0
A34VRVI4CSI5RQ,B00EPY0QVU,4.0
A33HIV8RXRDM88,B0079TOI8K,4.0
AGVWTYW0ULXHT,B00FZJ11PO,4.0
AZMY6E8B52L2T,B00L26YDA4,5.0
A1LD5SE8IZ1H70,B001202C44,5.0
A1F9Z42CFF9IAY,B000LU8A7E,4.0
A353U0L2HAMSHV,B000BWACX2,5.0
A3V2EZ6MA32FF6,B005KG44V0,5.0
A1T9MILRRZ00F8,B00JNBVK4M,3.0
AFM7FK7NFEKFZ,B003NR57BY,4.0
A38RMU1Y5TDP9,B00AYB3OMG,5.0
AO8NH0BV82XIE,B002FB684E,5.0
A3JUHP1E3WUHEA,B00BC1ULTQ,4.0
A31ICLWQ9CSHRS,B0042FZA1S,5.0
AELK0E5DK7LIZ,B00CL8F98W,3.0
A2YYHSORXIHZCS,B003ES5ZSW,5.0
AZ515FFZ7I2P7,B005YQY5TM,4.0
AC1YLEFC9AN5X,B0042FZA1S,4.0
A1RL1OTV8IJMVD,B000I1X3W8,5.0
A2NOW4U7W3F7RI,B003K1EYM6,3.0
AK9BXHEXOOM6Z,B000IF51UQ,5.0
A1DQHS7MOVYYYA,B004M18O60,5.0
A3G5MOHY1U635N,B002M3SHXA,5.0
A20DZX38KRBIT8,B0015KYV3Q,1.0
A2JE071UW97J2A,B005Z2AEMM,4.0
A3FFZQKCA7UOYY,B000V0ETA6,5.0
A11ULAZ4B5ZXC8,B00005A1K1,5.0
A2JKM8KF3296CW,B005LIDN14,4.0
A1GW7V6S6XSXX3,B009HQCAPQ,4.0
A3F9CBHV4OHFBS,B0076POAI0,5.0
AGXV8E7XK9J6H,B0001D3K8A,4.0
A30J7WQV0ZNRXG,B00G4V0QSK,5.0
A1UQBFCERIP7VJ,B00081A2DQ,5.0
A20DZX38KRBIT8,B003UT6C9G,1.0
AGYH5U11ZKPFB,B001FVI91U,5.0
A2CIQEY05SPHTZ,B002LAS1DU,4.0
A23ZXHFLC6TBLD,B001GS8FZ2,5.0
A20L63B48RPSOH,B004JK1VMS,4.0
A3JV071KO43Q5X,B000OTF6G0,5.0
A1CMWB7AWQUQH4,B009ZIILLI,4.0
AVFJ327UXPXLF,B004YIZVW6,4.0
A11I1I9QLMAM1A,B00CD1FB26,4.0
A1H4IVXNXWWBLV,B0058UUR6E,5.0
A15T9G38F589KM,B000ENRQ3M,4.0
A11OTLEDSW8ZXD,B0041MY32Y,3.0
A37CEYB95LK6R6,B003TYDBYQ,5.0
A3CJ7MHAS9IMAM,B002LITT56,4.0
A17BUUBOU0598B,B0025VKUQG,4.0
A2VH0UT5EQFB6P,B0041H8PH8,5.0
A2L4ZGN7GZJ95T,B00475K64E,4.0
A1PVJICI412IN4,B005GCSZD6,4.0
A1BC62X6HZJGZR,B005LJQNQU,5.0
APMYPD97EHUUZ,B00IYU7XTE,4.0
A3UW23DBF2KHWC,B005869A16,5.0
AS2II0671KT2C,B0046TJG1U,5.0
A2HMF8ZR67BNZS,B009B0MZ1M,4.0
A3H6NNGCINPLEC,B00390JT1O,4.0
A3FS3FJPD3RJTD,B00EQ20CB0,3.0
A13WREJ05GMRA6,B0030DL37I,3.0
A3EP26M3QHINXT,B000N99BBC,5.0
AC1YLEFC9AN5X,B003DZ0TRI,5.0
A2X61KKXXR6WNP,B004QMA3U0,3.0
ARX7Z3NI6O0F7,B0053FR9FQ,4.0
A370XYLIZCSK1Y,B00149PA42,4.0
A36K2N527TXXJN,B005FVNHBI,3.0
A3SMD3T0QTN109,B0093HAWZY,4.0
A3S0EHEIR52HP1,B002WE6D44,5.0
A2ZFBTGPDP6PH6,B004J3V90Y,4.0
A1I96OYAUJ3HQE,B007FH1KX2,5.0
A1BBYSMT9YCODI,B001AAVA08,3.0
A3G007LQX6KGOD,B008DWCRQW,3.0
A34CSXOGVYF94S,B00CF7E0R0,5.0
A2NOIWPJDD7WIQ,B001S2PPT0,4.0
A2T3S3VTW65VO5,B0026FCI2U,5.0
AS8C336DDLSO4,B000AO3L84,4.0
A1GBU479WXR7UG,B001WB02Z4,5.0
A1GW7V6S6XSXX3,B0006VJ7TI,1.0
A3BVN2QBNPBHCR,B001AYW91I,5.0
A1OH33MR6K4G5J,B001MX5YWI,5.0
A3NYBI5VMVEEIK,B000067RVL,5.0
A1AH8033GWKBY7,B001CK9760,1.0
A2JMJVNTBL7K7E,B0002GDIII,1.0
A38RMU1Y5TDP9,B0058BG0UK,4.0
A2WB7LZ595CR50,B001OI2Z4Q,5.0
A203OCQQ12MAVT,B0052SCU8U,5.0
AFNG8O2DXRCUV,B001SJLLTQ,4.0
A5Q1FK0FWU7DH,B00005N6KG,5.0
A1UL2JH7XOUGM5,B00JKM0EBE,2.0
A15CL28ALB7MTZ,B000EOMXM0,5.0
AWNJAY0M5UI70,B003OBXHPC,5.0
ASJZT7DM51QEM,B00APQM1S8,4.0
A1KSNK256G46GX,B001FSIT9K,5.0
A3W4D8XOGLWUN5,B0009WKBGC,4.0
A1F1A0QQP2XVH5,B003SX0NFI,5.0
A2LEIANN1UZTHP,B004Q3R9AQ,5.0
A3CG93783LP0FO,B00BPHH8MA,3.0
AGXMC3ITWZASE,B003WUBIZQ,4.0
A3AGQAXTX6VRJ3,B001KUL012,5.0
AMRMK86X3PKXD,B004HKJTT2,5.0
A110PC8C5Y7MQD,B005EOWBKE,3.0
A28UMA3GW9L124,B002SQK2F2,1.0
A1PPS91NLI7KEH,B0098PRKA6,3.0
A1BT6TL7UCIC5Y,B004N6ZC8W,4.0
A9LNWA25IM2DX,B00EZJQVG4,3.0
ACYZXQ2JKPZKT,B00434OWDA,3.0
A2WB7LZ595CR50,B0053NBLFW,2.0
AMVXR3NPL0GWX,B002QEBMAK,4.0
A3V6QSTG2T9MIO,B00BP5MB56,4.0
A1Z7U9K6X3FEOU,B002HOPUPC,4.0
A32LX4XJ2LU740,B00EZ9XGGC,5.0
A3R1WFO4KIUQXZ,B00EOAS4UA,3.0
A3OA4DV4L81N1D,B000AZ57M6,5.0
A2B7BUH8834Y6M,B005L38VPC,5.0
A6XLG77BC9R8R,B0009MIP8I,5.0
A274X54O9CN2SR,B000IJV4BC,4.0
A11EXFO14WEJM1,B002FL507A,4.0
A19XMHRB3G4DIR,B001DWI1F0,4.0
A3QRR8PSCBI07C,B003ZX8B1E,5.0
A2JP9E1H0SF392,B0088CJT4U,4.0
A3QNQQKJTL76H0,B004SGSHDY,4.0
A17UNMURMLX0ZE,B00DEQLDDU,3.0
A3O4OIBCML0683,B005DKZTMG,4.0
A18EA7MNLXP9H5,B0026ZPFCK,4.0
A1G5MI2KREPEIB,B002Y2NI4M,1.0
A3J8A5L5AF5TX9,B0009JZSKO,4.0
A32NEDX6UVV8DE,B0045KGZOG,5.0
A3SX5MZTCZRQLF,B00EU9V3YO,5.0
A19XPAWSWDRI3B,B006JINHYS,4.0
A2PJH18W4XHTZW,B008B488DI,4.0
A3D822N1K2IAQD,B0058SRNZ4,4.0
A1FDSZISWIXH1A,B007BY0MIS,5.0
A11T807LX2EF00,B00871F9E6,5.0
A30KPB2ILF6K6J,B005KP47RC,2.0
A3AYSYSLHU26U9,B00ISFNSBW,5.0
A2Y3WWPUKIJ59I,B00829TIA4,5.0
A1F7YU6O5RU432,B0072ZQGIG,5.0
A1GWG5CWLKJ7ET,B0041OSAZ8,5.0
A2V0I904FH7ABY,B00486MH80,5.0
A3FEJ8H2VTN0OJ,B0007Y836W,5.0
AW5JSQCHC2ZJO,B002GP7ZT6,5.0
A2AC6GQ24S45GA,B004CLYEFK,4.0
A1MQQEM7W77L62,B0028N6YH0,5.0
A2SATO5BNKWY3Y,B000P8AUMU,5.0
A1KXJCXS6HFRQZ,B002DPTQ8W,2.0
AJX9A4Q19UTJU,B00GO4GMAI,5.0
A3VONQL7YW8UPM,B003RRYAXQ,3.0
A18GJ9MYYO6GCQ,B004YIZXF6,3.0
AT53ZTTO707MB,B00G5RDU5O,5.0
A1VQHH85U7PX0,B0037H8AB4,5.0
A2XIOXRRYX0KZY,B00CGY4JBY,4.0
A2TMFC9O3ZCNKE,B002S53LJ2,4.0
AMS2CPERWN7JV,B0021L9BZQ,5.0
ABDR6IJ93HFIO,B004AM610M,5.0
AG35JCCQWDRCS,B003M0NT1M,4.0
A3BVN2QBNPBHCR,B0097CXWUW,5.0
A17BUUBOU0598B,B000075UZ7,4.0
ABSYIF0ONC2AF,B004YKXGIK,5.0
ASJSX783R5HTZ,B006TAP096,3.0
A3OXHLG6DIBRW8,B005MCXJHM,2.0
A105S56ODHGJEK,B0079UAT0A,5.0
AWSK1ZAEU1KFL,B002WE6D44,5.0
A2I357I10ZY7CI,B001TH7GUK,5.0
AVPNQUVZWMDSX,B005EWB37S,5.0
AR3EVUQF0AC7R,B00FH66AW4,4.0
A33HIV8RXRDM88,B002KKFP9Y,3.0
ALQ4USPEQ9L5N,B005QCDY50,3.0
AZ515FFZ7I2P7,B0076MBOC8,5.0
A3TCMJ6GKZJFBQ,B00022VBAE,2.0
A3QUDXLOJTKEP9,B001FSIT9K,5.0
A3N4VTNFPMTHEF,B0018P0S1M,4.0
A3OXHLG6DIBRW8,B001H9NR2Q,4.0
A9LNWA25IM2DX,B0042X93AY,5.0
A1VQHH85U7PX0,B0019RGQVU,5.0
A2I18AO597DSDI,B007LLYB4M,4.0
A3QNQQKJTL76H0,B007BY0MIS,3.0
A17O9AHKHK66AI,B00FLZ2F5W,4.0
A2NU9H8H5MJZSL,B001F51G16,5.0
A28P7V9KI7MXP,B002VPE1WK,4.0
A250AXLRBVYKB4,B00834SJSK,5.0
